Mission;Programme;Titre;Categorie;Depenses
Action extérieure de l'État;Action de la France en Europe et dans le monde - 105;Titre 2;21;587579920,7
Action extérieure de l'État;Action de la France en Europe et dans le monde - 105;Titre 2;22;173880434,69
Action extérieure de l'État;Action de la France en Europe et dans le monde - 105;Titre 2;23;7294169,78
Action extérieure de l'État;Action de la France en Europe et dans le monde - 105;Titre 3;31;392971495,37
Action extérieure de l'État;Action de la France en Europe et dans le monde - 105;Titre 5;51;82031924,17
Action extérieure de l'État;Action de la France en Europe et dans le monde - 105;Titre 5;52;3896129,41
Action extérieure de l'État;Action de la France en Europe et dans le monde - 105;Titre 6;61;3742469,29
Action extérieure de l'État;Action de la France en Europe et dans le monde - 105;Titre 6;62;3404194,38
Action extérieure de l'État;Action de la France en Europe et dans le monde - 105;Titre 6;64;850066060,15
Action extérieure de l'État;Action de la France en Europe et dans le monde - 105;Titre 7;71;172041,77
Action extérieure de l'État;Diplomatie culturelle et d'influence - 185;Titre 2;21;69281424,15
Action extérieure de l'État;Diplomatie culturelle et d'influence - 185;Titre 2;22;14294701,14
Action extérieure de l'État;Diplomatie culturelle et d'influence - 185;Titre 2;23;1106758,46
Action extérieure de l'État;Diplomatie culturelle et d'influence - 185;Titre 3;31;58099509,52
Action extérieure de l'État;Diplomatie culturelle et d'influence - 185;Titre 3;32;473881465
Action extérieure de l'État;Diplomatie culturelle et d'influence - 185;Titre 5;52;180863,3
Action extérieure de l'État;Diplomatie culturelle et d'influence - 185;Titre 6;61;53703890,45
Action extérieure de l'État;Diplomatie culturelle et d'influence - 185;Titre 6;62;16320226,13
Action extérieure de l'État;Diplomatie culturelle et d'influence - 185;Titre 6;63;78333
Action extérieure de l'État;Diplomatie culturelle et d'influence - 185;Titre 6;64;82634015,62
Action extérieure de l'État;Français à l'étranger et affaires consulaires - 151;Titre 2;21;213994643,22
Action extérieure de l'État;Français à l'étranger et affaires consulaires - 151;Titre 2;22;45979229
Action extérieure de l'État;Français à l'étranger et affaires consulaires - 151;Titre 2;23;1109886,57
Action extérieure de l'État;Français à l'étranger et affaires consulaires - 151;Titre 3;31;23893902,75
Action extérieure de l'État;Français à l'étranger et affaires consulaires - 151;Titre 5;51;147810,49
Action extérieure de l'État;Français à l'étranger et affaires consulaires - 151;Titre 5;52;1408402,84
Action extérieure de l'État;Français à l'étranger et affaires consulaires - 151;Titre 6;61;122802063,8
Action extérieure de l'État;Français à l'étranger et affaires consulaires - 151;Titre 6;62;20000
Action extérieure de l'État;Français à l'étranger et affaires consulaires - 151;Titre 6;63;576037,5
Action extérieure de l'État;Français à l'étranger et affaires consulaires - 151;Titre 6;64;3996746,82
Administration générale et territoriale de l'État;Administration territoriale de l'État - 354;Titre 2;21;1265150573,85
Administration générale et territoriale de l'État;Administration territoriale de l'État - 354;Titre 2;22;737606133,95
Administration générale et territoriale de l'État;Administration territoriale de l'État - 354;Titre 2;23;22009806,13
Administration générale et territoriale de l'État;Administration territoriale de l'État - 354;Titre 3;31;495904581,19
Administration générale et territoriale de l'État;Administration territoriale de l'État - 354;Titre 3;32;171761
Administration générale et territoriale de l'État;Administration territoriale de l'État - 354;Titre 5;51;43988279,52
Administration générale et territoriale de l'État;Administration territoriale de l'État - 354;Titre 5;52;2417339,93
Administration générale et territoriale de l'État;Administration territoriale de l'État - 354;Titre 6;61;5342,97
Administration générale et territoriale de l'État;Administration territoriale de l'État - 354;Titre 6;62;45
Administration générale et territoriale de l'État;Administration territoriale de l'État - 354;Titre 6;63;910594,57
Administration générale et territoriale de l'État;Administration territoriale de l'État - 354;Titre 6;64;25812443,05
Administration générale et territoriale de l'État;Administration territoriale de l'État - 354;Titre 7;71;137,63
Administration générale et territoriale de l'État;Conduite et pilotage des politiques de l'intérieur - 216;Titre 2;21;500390429,18
Administration générale et territoriale de l'État;Conduite et pilotage des politiques de l'intérieur - 216;Titre 2;22;320545812,04
Administration générale et territoriale de l'État;Conduite et pilotage des politiques de l'intérieur - 216;Titre 2;23;13029166,13
Administration générale et territoriale de l'État;Conduite et pilotage des politiques de l'intérieur - 216;Titre 3;31;562655955,99
Administration générale et territoriale de l'État;Conduite et pilotage des politiques de l'intérieur - 216;Titre 3;32;37004569,76
Administration générale et territoriale de l'État;Conduite et pilotage des politiques de l'intérieur - 216;Titre 5;51;138498203,57
Administration générale et territoriale de l'État;Conduite et pilotage des politiques de l'intérieur - 216;Titre 5;52;37329186
Administration générale et territoriale de l'État;Conduite et pilotage des politiques de l'intérieur - 216;Titre 5;53;37207252
Administration générale et territoriale de l'État;Conduite et pilotage des politiques de l'intérieur - 216;Titre 6;61;36044
Administration générale et territoriale de l'État;Conduite et pilotage des politiques de l'intérieur - 216;Titre 6;62;405096
Administration générale et territoriale de l'État;Conduite et pilotage des politiques de l'intérieur - 216;Titre 6;63;28258203,36
Administration générale et territoriale de l'État;Conduite et pilotage des politiques de l'intérieur - 216;Titre 6;64;37542805,47
Administration générale et territoriale de l'État;Vie politique - 232;Titre 2;21;21934218,46
Administration générale et territoriale de l'État;Vie politique - 232;Titre 2;22;2710442,08
Administration générale et territoriale de l'État;Vie politique - 232;Titre 2;23;178537,12
Administration générale et territoriale de l'État;Vie politique - 232;Titre 3;31;236369031,77
Administration générale et territoriale de l'État;Vie politique - 232;Titre 5;51;69504,88
Administration générale et territoriale de l'État;Vie politique - 232;Titre 5;52;4004355,44
Administration générale et territoriale de l'État;Vie politique - 232;Titre 6;61;380
Administration générale et territoriale de l'État;Vie politique - 232;Titre 6;63;22866911,19
Administration générale et territoriale de l'État;Vie politique - 232;Titre 6;64;66992500,73
Agriculture, alimentation, forêt et affaires rurales;Allègements du coût du travail en agriculture (TODE-AG) - 381;Titre 6;62;438427824
Agriculture, alimentation, forêt et affaires rurales;Compétitivité et durabilité de l'agriculture, de l'agroalimentaire et de la forêt - 149;Titre 3;31;176880652,41
Agriculture, alimentation, forêt et affaires rurales;Compétitivité et durabilité de l'agriculture, de l'agroalimentaire et de la forêt - 149;Titre 3;32;468595646
Agriculture, alimentation, forêt et affaires rurales;Compétitivité et durabilité de l'agriculture, de l'agroalimentaire et de la forêt - 149;Titre 5;51;2186914,7
Agriculture, alimentation, forêt et affaires rurales;Compétitivité et durabilité de l'agriculture, de l'agroalimentaire et de la forêt - 149;Titre 5;52;99405,63
Agriculture, alimentation, forêt et affaires rurales;Compétitivité et durabilité de l'agriculture, de l'agroalimentaire et de la forêt - 149;Titre 5;53;53952853
Agriculture, alimentation, forêt et affaires rurales;Compétitivité et durabilité de l'agriculture, de l'agroalimentaire et de la forêt - 149;Titre 6;61;6329891,9
Agriculture, alimentation, forêt et affaires rurales;Compétitivité et durabilité de l'agriculture, de l'agroalimentaire et de la forêt - 149;Titre 6;62;1497797741,08
Agriculture, alimentation, forêt et affaires rurales;Compétitivité et durabilité de l'agriculture, de l'agroalimentaire et de la forêt - 149;Titre 6;63;115160505,29
Agriculture, alimentation, forêt et affaires rurales;Compétitivité et durabilité de l'agriculture, de l'agroalimentaire et de la forêt - 149;Titre 6;64;65641593,27
Agriculture, alimentation, forêt et affaires rurales;Compétitivité et durabilité de l'agriculture, de l'agroalimentaire et de la forêt - 149;Titre 7;71;186731255
Agriculture, alimentation, forêt et affaires rurales;Conduite et pilotage des politiques de l'agriculture - 215;Titre 2;21;341963650,13
Agriculture, alimentation, forêt et affaires rurales;Conduite et pilotage des politiques de l'agriculture - 215;Titre 2;22;188612996,89
Agriculture, alimentation, forêt et affaires rurales;Conduite et pilotage des politiques de l'agriculture - 215;Titre 2;23;7026528,43
Agriculture, alimentation, forêt et affaires rurales;Conduite et pilotage des politiques de l'agriculture - 215;Titre 3;31;70523233,67
Agriculture, alimentation, forêt et affaires rurales;Conduite et pilotage des politiques de l'agriculture - 215;Titre 3;32;1357531,74
Agriculture, alimentation, forêt et affaires rurales;Conduite et pilotage des politiques de l'agriculture - 215;Titre 5;51;2923381,98
Agriculture, alimentation, forêt et affaires rurales;Conduite et pilotage des politiques de l'agriculture - 215;Titre 5;52;441576,98
Agriculture, alimentation, forêt et affaires rurales;Conduite et pilotage des politiques de l'agriculture - 215;Titre 6;61;1800717
Agriculture, alimentation, forêt et affaires rurales;Conduite et pilotage des politiques de l'agriculture - 215;Titre 6;62;70107,59
Agriculture, alimentation, forêt et affaires rurales;Conduite et pilotage des politiques de l'agriculture - 215;Titre 6;63;638289,4
Agriculture, alimentation, forêt et affaires rurales;Conduite et pilotage des politiques de l'agriculture - 215;Titre 6;64;1309401,32
Agriculture, alimentation, forêt et affaires rurales;Sécurité et qualité sanitaires de l'alimentation - 206;Titre 2;21;228181398,93
Agriculture, alimentation, forêt et affaires rurales;Sécurité et qualité sanitaires de l'alimentation - 206;Titre 2;22;126333177,83
Agriculture, alimentation, forêt et affaires rurales;Sécurité et qualité sanitaires de l'alimentation - 206;Titre 2;23;3699804,66
Agriculture, alimentation, forêt et affaires rurales;Sécurité et qualité sanitaires de l'alimentation - 206;Titre 3;31;244917437,72
Agriculture, alimentation, forêt et affaires rurales;Sécurité et qualité sanitaires de l'alimentation - 206;Titre 3;32;77671584,37
Agriculture, alimentation, forêt et affaires rurales;Sécurité et qualité sanitaires de l'alimentation - 206;Titre 5;51;248388,85
Agriculture, alimentation, forêt et affaires rurales;Sécurité et qualité sanitaires de l'alimentation - 206;Titre 5;52;243177,86
Agriculture, alimentation, forêt et affaires rurales;Sécurité et qualité sanitaires de l'alimentation - 206;Titre 5;53;1980000
Agriculture, alimentation, forêt et affaires rurales;Sécurité et qualité sanitaires de l'alimentation - 206;Titre 6;61;222478,86
Agriculture, alimentation, forêt et affaires rurales;Sécurité et qualité sanitaires de l'alimentation - 206;Titre 6;62;105751024,5
Agriculture, alimentation, forêt et affaires rurales;Sécurité et qualité sanitaires de l'alimentation - 206;Titre 6;63;11278532,86
Agriculture, alimentation, forêt et affaires rurales;Sécurité et qualité sanitaires de l'alimentation - 206;Titre 6;64;69319888,46
Aide publique au développement;Aide économique et financière au développement - 110;Titre 3;31;9443707,35
Aide publique au développement;Aide économique et financière au développement - 110;Titre 6;62;8143893
Aide publique au développement;Aide économique et financière au développement - 110;Titre 6;63;2356016,9
Aide publique au développement;Aide économique et financière au développement - 110;Titre 6;64;1039440885,72
Aide publique au développement;Aide économique et financière au développement - 110;Titre 7;73;816029525,48
Aide publique au développement;Renforcement des fonds propres de l'Agence française de développement - 365;Titre 3;31;150000000
Aide publique au développement;Solidarité à l'égard des pays en développement - 209;Titre 2;21;134142606,44
Aide publique au développement;Solidarité à l'égard des pays en développement - 209;Titre 2;22;24841550,36
Aide publique au développement;Solidarité à l'égard des pays en développement - 209;Titre 2;23;4411038,32
Aide publique au développement;Solidarité à l'égard des pays en développement - 209;Titre 3;31;25027320,94
Aide publique au développement;Solidarité à l'égard des pays en développement - 209;Titre 6;61;5728010,2
Aide publique au développement;Solidarité à l'égard des pays en développement - 209;Titre 6;62;289268220,36
Aide publique au développement;Solidarité à l'égard des pays en développement - 209;Titre 6;63;8029183,42
Aide publique au développement;Solidarité à l'égard des pays en développement - 209;Titre 6;64;2305464975,77
Anciens combattants, mémoire et liens avec la Nation;Indemnisation des victimes des persécutions antisémites et des actes de barbarie pendant la seconde guerre mondiale - 158;Titre 2;21;1011308,57
Anciens combattants, mémoire et liens avec la Nation;Indemnisation des victimes des persécutions antisémites et des actes de barbarie pendant la seconde guerre mondiale - 158;Titre 2;22;415022,65
Anciens combattants, mémoire et liens avec la Nation;Indemnisation des victimes des persécutions antisémites et des actes de barbarie pendant la seconde guerre mondiale - 158;Titre 2;23;10402,48
Anciens combattants, mémoire et liens avec la Nation;Indemnisation des victimes des persécutions antisémites et des actes de barbarie pendant la seconde guerre mondiale - 158;Titre 3;31;428101,49
Anciens combattants, mémoire et liens avec la Nation;Indemnisation des victimes des persécutions antisémites et des actes de barbarie pendant la seconde guerre mondiale - 158;Titre 6;61;75082537,8
Anciens combattants, mémoire et liens avec la Nation;Reconnaissance et réparation en faveur du monde combattant, mémoire et liens avec la Nation - 169;Titre 3;31;47910131,37
Anciens combattants, mémoire et liens avec la Nation;Reconnaissance et réparation en faveur du monde combattant, mémoire et liens avec la Nation - 169;Titre 3;32;78481560
Anciens combattants, mémoire et liens avec la Nation;Reconnaissance et réparation en faveur du monde combattant, mémoire et liens avec la Nation - 169;Titre 5;51;502995,55
Anciens combattants, mémoire et liens avec la Nation;Reconnaissance et réparation en faveur du monde combattant, mémoire et liens avec la Nation - 169;Titre 6;61;1724569561,59
Anciens combattants, mémoire et liens avec la Nation;Reconnaissance et réparation en faveur du monde combattant, mémoire et liens avec la Nation - 169;Titre 6;62;84000
Anciens combattants, mémoire et liens avec la Nation;Reconnaissance et réparation en faveur du monde combattant, mémoire et liens avec la Nation - 169;Titre 6;63;1445018,1
Anciens combattants, mémoire et liens avec la Nation;Reconnaissance et réparation en faveur du monde combattant, mémoire et liens avec la Nation - 169;Titre 6;64;22430566,5
Anciens combattants, mémoire et liens avec la Nation;Reconnaissance et réparation en faveur du monde combattant, mémoire et liens avec la Nation - 169;Titre 7;72;6786200
Cohésion des territoires;Aide à l'accès au logement - 109;Titre 6;61;13092997000
Cohésion des territoires;Aide à l'accès au logement - 109;Titre 6;64;9211733
Cohésion des territoires;Hébergement, parcours vers le logement et insertion des personnes vulnérables - 177;Titre 3;31;54375077,83
Cohésion des territoires;Hébergement, parcours vers le logement et insertion des personnes vulnérables - 177;Titre 5;52;779064,96
Cohésion des territoires;Hébergement, parcours vers le logement et insertion des personnes vulnérables - 177;Titre 6;61;1148383,83
Cohésion des territoires;Hébergement, parcours vers le logement et insertion des personnes vulnérables - 177;Titre 6;62;43478396,3
Cohésion des territoires;Hébergement, parcours vers le logement et insertion des personnes vulnérables - 177;Titre 6;63;75883722,79
Cohésion des territoires;Hébergement, parcours vers le logement et insertion des personnes vulnérables - 177;Titre 6;64;2955636928,15
Cohésion des territoires;Impulsion et coordination de la politique d'aménagement du territoire - 112;Titre 2;21;2876233,88
Cohésion des territoires;Impulsion et coordination de la politique d'aménagement du territoire - 112;Titre 2;22;1305585,17
Cohésion des territoires;Impulsion et coordination de la politique d'aménagement du territoire - 112;Titre 2;23;10921,01
Cohésion des territoires;Impulsion et coordination de la politique d'aménagement du territoire - 112;Titre 3;31;1395684,85
Cohésion des territoires;Impulsion et coordination de la politique d'aménagement du territoire - 112;Titre 3;32;81629236
Cohésion des territoires;Impulsion et coordination de la politique d'aménagement du territoire - 112;Titre 5;53;9450000
Cohésion des territoires;Impulsion et coordination de la politique d'aménagement du territoire - 112;Titre 6;61;20000
Cohésion des territoires;Impulsion et coordination de la politique d'aménagement du territoire - 112;Titre 6;62;14837507,67
Cohésion des territoires;Impulsion et coordination de la politique d'aménagement du territoire - 112;Titre 6;63;199305813,79
Cohésion des territoires;Impulsion et coordination de la politique d'aménagement du territoire - 112;Titre 6;64;68799518,83
Cohésion des territoires;Interventions territoriales de l'État - 162;Titre 3;31;6130065,42
Cohésion des territoires;Interventions territoriales de l'État - 162;Titre 3;32;345000
Cohésion des territoires;Interventions territoriales de l'État - 162;Titre 5;51;30798928,16
Cohésion des territoires;Interventions territoriales de l'État - 162;Titre 6;61;640
Cohésion des territoires;Interventions territoriales de l'État - 162;Titre 6;62;13120646,22
Cohésion des territoires;Interventions territoriales de l'État - 162;Titre 6;63;80766657,03
Cohésion des territoires;Interventions territoriales de l'État - 162;Titre 6;64;10732320,69
Cohésion des territoires;Politique de la ville - 147;Titre 2;21;1308580,8
Cohésion des territoires;Politique de la ville - 147;Titre 2;22;77710,72
Cohésion des territoires;Politique de la ville - 147;Titre 2;23;1110,48
Cohésion des territoires;Politique de la ville - 147;Titre 3;31;2347076,73
Cohésion des territoires;Politique de la ville - 147;Titre 3;32;33110748
Cohésion des territoires;Politique de la ville - 147;Titre 6;61;14872875,01
Cohésion des territoires;Politique de la ville - 147;Titre 6;62;86924576
Cohésion des territoires;Politique de la ville - 147;Titre 6;63;145847421,09
Cohésion des territoires;Politique de la ville - 147;Titre 6;64;239609215,98
Cohésion des territoires;Urbanisme, territoires et amélioration de l'habitat - 135;Titre 3;31;105694656,58
Cohésion des territoires;Urbanisme, territoires et amélioration de l'habitat - 135;Titre 3;32;50000
Cohésion des territoires;Urbanisme, territoires et amélioration de l'habitat - 135;Titre 5;52;3726233,92
Cohésion des territoires;Urbanisme, territoires et amélioration de l'habitat - 135;Titre 6;61;380256030,11
Cohésion des territoires;Urbanisme, territoires et amélioration de l'habitat - 135;Titre 6;62;460344120,32
Cohésion des territoires;Urbanisme, territoires et amélioration de l'habitat - 135;Titre 6;63;202829259,34
Cohésion des territoires;Urbanisme, territoires et amélioration de l'habitat - 135;Titre 6;64;65076046,3
Conseil et contrôle de l'État;Conseil d'État et autres juridictions administratives - 165;Titre 2;21;274120540,14
Conseil et contrôle de l'État;Conseil d'État et autres juridictions administratives - 165;Titre 2;22;146535142,54
Conseil et contrôle de l'État;Conseil d'État et autres juridictions administratives - 165;Titre 2;23;3641863,88
Conseil et contrôle de l'État;Conseil d'État et autres juridictions administratives - 165;Titre 3;31;81372983,52
Conseil et contrôle de l'État;Conseil d'État et autres juridictions administratives - 165;Titre 5;51;49734893,17
Conseil et contrôle de l'État;Conseil d'État et autres juridictions administratives - 165;Titre 5;52;5549324,61
Conseil et contrôle de l'État;Conseil économique, social et environnemental - 126;Titre 2;21;35669828
Conseil et contrôle de l'État;Conseil économique, social et environnemental - 126;Titre 3;31;10548473
Conseil et contrôle de l'État;Cour des comptes et autres juridictions financières - 164;Titre 2;21;145705526,86
Conseil et contrôle de l'État;Cour des comptes et autres juridictions financières - 164;Titre 2;22;75409144,76
Conseil et contrôle de l'État;Cour des comptes et autres juridictions financières - 164;Titre 2;23;1599868,82
Conseil et contrôle de l'État;Cour des comptes et autres juridictions financières - 164;Titre 3;31;30364408,6
Conseil et contrôle de l'État;Cour des comptes et autres juridictions financières - 164;Titre 5;51;431591,55
Conseil et contrôle de l'État;Cour des comptes et autres juridictions financières - 164;Titre 6;61;7000
Conseil et contrôle de l'État;Cour des comptes et autres juridictions financières - 164;Titre 6;64;50285,2
Culture;Création - 131;Titre 3;31;3067400,44
Culture;Création - 131;Titre 3;32;312174467
Culture;Création - 131;Titre 5;51;23718708,07
Culture;Création - 131;Titre 5;53;42875888
Culture;Création - 131;Titre 6;61;1164900
Culture;Création - 131;Titre 6;62;177477541,31
Culture;Création - 131;Titre 6;63;61398549,76
Culture;Création - 131;Titre 6;64;351305922,45
Culture;Création - 131;Titre 7;73;754250
Culture;Patrimoines - 175;Titre 3;31;96235652,95
Culture;Patrimoines - 175;Titre 3;32;528553784
Culture;Patrimoines - 175;Titre 5;51;109000506,38
Culture;Patrimoines - 175;Titre 5;52;1259782,66
Culture;Patrimoines - 175;Titre 5;53;230609342
Culture;Patrimoines - 175;Titre 6;61;19858794,44
Culture;Patrimoines - 175;Titre 6;62;53907527,08
Culture;Patrimoines - 175;Titre 6;63;169157416,6
Culture;Patrimoines - 175;Titre 6;64;54364485,78
Culture;Patrimoines - 175;Titre 7;72;-12370615,4
Culture;Soutien aux politiques du ministère de la culture - 224;Titre 2;21;450943878,28
Culture;Soutien aux politiques du ministère de la culture - 224;Titre 2;22;271340768,13
Culture;Soutien aux politiques du ministère de la culture - 224;Titre 2;23;8110707,98
Culture;Soutien aux politiques du ministère de la culture - 224;Titre 3;31;74721226,72
Culture;Soutien aux politiques du ministère de la culture - 224;Titre 3;32;12939291
Culture;Soutien aux politiques du ministère de la culture - 224;Titre 5;51;1166671,14
Culture;Soutien aux politiques du ministère de la culture - 224;Titre 5;53;593595
Culture;Soutien aux politiques du ministère de la culture - 224;Titre 6;61;32000
Culture;Soutien aux politiques du ministère de la culture - 224;Titre 6;62;3334674,15
Culture;Soutien aux politiques du ministère de la culture - 224;Titre 6;63;793194,94
Culture;Soutien aux politiques du ministère de la culture - 224;Titre 6;64;9248877,05
Culture;Soutien aux politiques du ministère de la culture - 224;Titre 7;72;-0,44
Culture;Transmission des savoirs et démocratisation de la culture - 361;Titre 3;31;4366154,38
Culture;Transmission des savoirs et démocratisation de la culture - 361;Titre 3;32;256350598,62
Culture;Transmission des savoirs et démocratisation de la culture - 361;Titre 5;51;693340,69
Culture;Transmission des savoirs et démocratisation de la culture - 361;Titre 5;52;54970,5
Culture;Transmission des savoirs et démocratisation de la culture - 361;Titre 5;53;37891595
Culture;Transmission des savoirs et démocratisation de la culture - 361;Titre 6;61;42221290,02
Culture;Transmission des savoirs et démocratisation de la culture - 361;Titre 6;62;237683425,15
Culture;Transmission des savoirs et démocratisation de la culture - 361;Titre 6;63;69288941,59
Culture;Transmission des savoirs et démocratisation de la culture - 361;Titre 6;64;158493601,96
Culture;Transmission des savoirs et démocratisation de la culture - 361;Titre 7;72;-48932
Défense;Environnement et prospective de la politique de défense - 144;Titre 3;31;1159359363,9
Défense;Environnement et prospective de la politique de défense - 144;Titre 3;32;316103355
Défense;Environnement et prospective de la politique de défense - 144;Titre 5;51;323895173,11
Défense;Environnement et prospective de la politique de défense - 144;Titre 5;52;18626899,53
Défense;Environnement et prospective de la politique de défense - 144;Titre 5;53;40813336
Défense;Environnement et prospective de la politique de défense - 144;Titre 6;62;29318213,59
Défense;Environnement et prospective de la politique de défense - 144;Titre 6;64;118838194,6
Défense;Environnement et prospective de la politique de défense - 144;Titre 7;71;480
Défense;Équipement des forces - 146;Titre 3;31;4192165237,78
Défense;Équipement des forces - 146;Titre 5;51;8604659851,76
Défense;Équipement des forces - 146;Titre 5;52;3829173056,28
Défense;Équipement des forces - 146;Titre 6;61;5200
Défense;Équipement des forces - 146;Titre 6;62;32265959,8
Défense;Équipement des forces - 146;Titre 6;64;54955173,43
Défense;Préparation et emploi des forces - 178;Titre 3;31;13155872726,9
Défense;Préparation et emploi des forces - 178;Titre 3;32;58070219,24
Défense;Préparation et emploi des forces - 178;Titre 5;51;1267653596,02
Défense;Préparation et emploi des forces - 178;Titre 5;52;82733053
Défense;Préparation et emploi des forces - 178;Titre 5;53;1580849
Défense;Préparation et emploi des forces - 178;Titre 6;61;106635,16
Défense;Préparation et emploi des forces - 178;Titre 6;64;482787588,57
Défense;Préparation et emploi des forces - 178;Titre 7;71;28242,19
Défense;Soutien de la politique de la défense - 212;Titre 2;21;12064378920,22
Défense;Soutien de la politique de la défense - 212;Titre 2;22;10773776261,03
Défense;Soutien de la politique de la défense - 212;Titre 2;23;333200773,39
Défense;Soutien de la politique de la défense - 212;Titre 3;31;943112510,3
Défense;Soutien de la politique de la défense - 212;Titre 3;32;110708914
Défense;Soutien de la politique de la défense - 212;Titre 5;51;374670621,44
Défense;Soutien de la politique de la défense - 212;Titre 5;52;31916178,8
Défense;Soutien de la politique de la défense - 212;Titre 5;53;648500
Défense;Soutien de la politique de la défense - 212;Titre 6;61;868905,99
Défense;Soutien de la politique de la défense - 212;Titre 6;62;6415174,24
Défense;Soutien de la politique de la défense - 212;Titre 6;63;3217575,21
Défense;Soutien de la politique de la défense - 212;Titre 6;64;4377854,1
Défense;Soutien de la politique de la défense - 212;Titre 7;72;11875499
Direction de l'action du Gouvernement;Coordination du travail gouvernemental - 129;Titre 2;21;196351855,03
Direction de l'action du Gouvernement;Coordination du travail gouvernemental - 129;Titre 2;22;83779066,27
Direction de l'action du Gouvernement;Coordination du travail gouvernemental - 129;Titre 2;23;3965882,24
Direction de l'action du Gouvernement;Coordination du travail gouvernemental - 129;Titre 3;31;423186570,88
Direction de l'action du Gouvernement;Coordination du travail gouvernemental - 129;Titre 3;32;77383201
Direction de l'action du Gouvernement;Coordination du travail gouvernemental - 129;Titre 5;51;25568722,12
Direction de l'action du Gouvernement;Coordination du travail gouvernemental - 129;Titre 5;52;732770,03
Direction de l'action du Gouvernement;Coordination du travail gouvernemental - 129;Titre 5;53;3477911
Direction de l'action du Gouvernement;Coordination du travail gouvernemental - 129;Titre 6;61;11071047,88
Direction de l'action du Gouvernement;Coordination du travail gouvernemental - 129;Titre 6;62;1370566,8
Direction de l'action du Gouvernement;Coordination du travail gouvernemental - 129;Titre 6;63;973646,78
Direction de l'action du Gouvernement;Coordination du travail gouvernemental - 129;Titre 6;64;57860931,85
Direction de l'action du Gouvernement;Protection des droits et libertés - 308;Titre 2;21;43072822,75
Direction de l'action du Gouvernement;Protection des droits et libertés - 308;Titre 2;22;17316686,25
Direction de l'action du Gouvernement;Protection des droits et libertés - 308;Titre 2;23;1079316,55
Direction de l'action du Gouvernement;Protection des droits et libertés - 308;Titre 3;31;18094438,54
Direction de l'action du Gouvernement;Protection des droits et libertés - 308;Titre 6;61;32000
Direction de l'action du Gouvernement;Protection des droits et libertés - 308;Titre 6;64;51381162,72
Écologie, développement et mobilité durables;Affaires maritimes, pêche et aquaculture - 205;Titre 3;31;63857060,12
Écologie, développement et mobilité durables;Affaires maritimes, pêche et aquaculture - 205;Titre 3;32;31498443,13
Écologie, développement et mobilité durables;Affaires maritimes, pêche et aquaculture - 205;Titre 5;51;10837057,14
Écologie, développement et mobilité durables;Affaires maritimes, pêche et aquaculture - 205;Titre 5;52;34867,33
Écologie, développement et mobilité durables;Affaires maritimes, pêche et aquaculture - 205;Titre 5;53;1876355
Écologie, développement et mobilité durables;Affaires maritimes, pêche et aquaculture - 205;Titre 6;61;1227982
Écologie, développement et mobilité durables;Affaires maritimes, pêche et aquaculture - 205;Titre 6;62;65517159,15
Écologie, développement et mobilité durables;Affaires maritimes, pêche et aquaculture - 205;Titre 6;63;16247012,47
Écologie, développement et mobilité durables;Affaires maritimes, pêche et aquaculture - 205;Titre 6;64;122055155
Écologie, développement et mobilité durables;Affaires maritimes, pêche et aquaculture - 205;Titre 7;72;40712,44
Écologie, développement et mobilité durables;Conduite et pilotage des politiques de l'écologie, du développement et de la mobilité durables - 217;Titre 2;21;1669943719,81
Écologie, développement et mobilité durables;Conduite et pilotage des politiques de l'écologie, du développement et de la mobilité durables - 217;Titre 2;22;1128961569,72
Écologie, développement et mobilité durables;Conduite et pilotage des politiques de l'écologie, du développement et de la mobilité durables - 217;Titre 2;23;30239927,74
Écologie, développement et mobilité durables;Conduite et pilotage des politiques de l'écologie, du développement et de la mobilité durables - 217;Titre 3;31;157718770,84
Écologie, développement et mobilité durables;Conduite et pilotage des politiques de l'écologie, du développement et de la mobilité durables - 217;Titre 3;32;54014075
Écologie, développement et mobilité durables;Conduite et pilotage des politiques de l'écologie, du développement et de la mobilité durables - 217;Titre 5;51;28445169,15
Écologie, développement et mobilité durables;Conduite et pilotage des politiques de l'écologie, du développement et de la mobilité durables - 217;Titre 5;52;722013,69
Écologie, développement et mobilité durables;Conduite et pilotage des politiques de l'écologie, du développement et de la mobilité durables - 217;Titre 5;53;1485600
Écologie, développement et mobilité durables;Conduite et pilotage des politiques de l'écologie, du développement et de la mobilité durables - 217;Titre 6;61;1521,32
Écologie, développement et mobilité durables;Conduite et pilotage des politiques de l'écologie, du développement et de la mobilité durables - 217;Titre 6;62;1049881,92
Écologie, développement et mobilité durables;Conduite et pilotage des politiques de l'écologie, du développement et de la mobilité durables - 217;Titre 6;64;9315311,73
Écologie, développement et mobilité durables;Énergie, climat et après-mines - 174;Titre 3;31;138204981,37
Écologie, développement et mobilité durables;Énergie, climat et après-mines - 174;Titre 3;32;15708768,23
Écologie, développement et mobilité durables;Énergie, climat et après-mines - 174;Titre 5;51;106950,97
Écologie, développement et mobilité durables;Énergie, climat et après-mines - 174;Titre 6;61;3320694608,8
Écologie, développement et mobilité durables;Énergie, climat et après-mines - 174;Titre 6;62;253213836,69
Écologie, développement et mobilité durables;Énergie, climat et après-mines - 174;Titre 6;63;1752111,72
Écologie, développement et mobilité durables;Énergie, climat et après-mines - 174;Titre 6;64;67109610,19
Écologie, développement et mobilité durables;Énergie, climat et après-mines - 174;Titre 7;72;656242
Écologie, développement et mobilité durables;Expertise, information géographique et météorologie - 159;Titre 3;31;10362503,9
Écologie, développement et mobilité durables;Expertise, information géographique et météorologie - 159;Titre 3;32;486727612,6
Écologie, développement et mobilité durables;Expertise, information géographique et météorologie - 159;Titre 5;51;-0,01
Écologie, développement et mobilité durables;Expertise, information géographique et météorologie - 159;Titre 5;52;3443,39
Écologie, développement et mobilité durables;Expertise, information géographique et météorologie - 159;Titre 6;61;4918,8
Écologie, développement et mobilité durables;Expertise, information géographique et météorologie - 159;Titre 6;62;500455
Écologie, développement et mobilité durables;Expertise, information géographique et météorologie - 159;Titre 6;63;74587,96
Écologie, développement et mobilité durables;Expertise, information géographique et météorologie - 159;Titre 6;64;5953090,01
Écologie, développement et mobilité durables;Fonds d'accélération de la transition écologique dans les territoires - 380;Titre 3;31;3498250,21
Écologie, développement et mobilité durables;Fonds d'accélération de la transition écologique dans les territoires - 380;Titre 3;32;25262378,13
Écologie, développement et mobilité durables;Fonds d'accélération de la transition écologique dans les territoires - 380;Titre 6;61;99779,38
Écologie, développement et mobilité durables;Fonds d'accélération de la transition écologique dans les territoires - 380;Titre 6;62;73393314,79
Écologie, développement et mobilité durables;Fonds d'accélération de la transition écologique dans les territoires - 380;Titre 6;63;408319140,27
Écologie, développement et mobilité durables;Fonds d'accélération de la transition écologique dans les territoires - 380;Titre 6;64;59373666,68
Écologie, développement et mobilité durables;Infrastructures et services de transports - 203;Titre 3;31;641976753,78
Écologie, développement et mobilité durables;Infrastructures et services de transports - 203;Titre 3;32;283361895,12
Écologie, développement et mobilité durables;Infrastructures et services de transports - 203;Titre 5;51;999680909,17
Écologie, développement et mobilité durables;Infrastructures et services de transports - 203;Titre 5;52;5168872,68
Écologie, développement et mobilité durables;Infrastructures et services de transports - 203;Titre 6;61;462928,5
Écologie, développement et mobilité durables;Infrastructures et services de transports - 203;Titre 6;62;6153090108,58
Écologie, développement et mobilité durables;Infrastructures et services de transports - 203;Titre 6;63;281024187,99
Écologie, développement et mobilité durables;Infrastructures et services de transports - 203;Titre 6;64;234141939,86
Écologie, développement et mobilité durables;Paysages, eau et biodiversité - 113;Titre 3;31;35320613,97
Écologie, développement et mobilité durables;Paysages, eau et biodiversité - 113;Titre 3;32;131115062,45
Écologie, développement et mobilité durables;Paysages, eau et biodiversité - 113;Titre 5;51;1380171,25
Écologie, développement et mobilité durables;Paysages, eau et biodiversité - 113;Titre 5;52;4830
Écologie, développement et mobilité durables;Paysages, eau et biodiversité - 113;Titre 5;53;8473648
Écologie, développement et mobilité durables;Paysages, eau et biodiversité - 113;Titre 6;61;12031,39
Écologie, développement et mobilité durables;Paysages, eau et biodiversité - 113;Titre 6;62;30875337,76
Écologie, développement et mobilité durables;Paysages, eau et biodiversité - 113;Titre 6;63;48299934,06
Écologie, développement et mobilité durables;Paysages, eau et biodiversité - 113;Titre 6;64;122358142,72
Écologie, développement et mobilité durables;Paysages, eau et biodiversité - 113;Titre 7;72;1319637,61
Écologie, développement et mobilité durables;Prévention des risques - 181;Titre 2;21;31851831,41
Écologie, développement et mobilité durables;Prévention des risques - 181;Titre 2;22;15437660,95
Écologie, développement et mobilité durables;Prévention des risques - 181;Titre 2;23;344334,36
Écologie, développement et mobilité durables;Prévention des risques - 181;Titre 3;31;127270485,26
Écologie, développement et mobilité durables;Prévention des risques - 181;Titre 3;32;876210794
Écologie, développement et mobilité durables;Prévention des risques - 181;Titre 5;51;14925528,79
Écologie, développement et mobilité durables;Prévention des risques - 181;Titre 5;52;7422701,4
Écologie, développement et mobilité durables;Prévention des risques - 181;Titre 5;53;1177500
Écologie, développement et mobilité durables;Prévention des risques - 181;Titre 6;61;10012727,22
Écologie, développement et mobilité durables;Prévention des risques - 181;Titre 6;62;24039523,91
Écologie, développement et mobilité durables;Prévention des risques - 181;Titre 6;63;151720844,16
Écologie, développement et mobilité durables;Prévention des risques - 181;Titre 6;64;25503607,25
Écologie, développement et mobilité durables;Service public de l'énergie - 345;Titre 3;31;1587022,21
Écologie, développement et mobilité durables;Service public de l'énergie - 345;Titre 6;62;5700320401,2
Économie;Développement des entreprises et régulations - 134;Titre 2;21;260407684,06
Économie;Développement des entreprises et régulations - 134;Titre 2;22;139024172,06
Économie;Développement des entreprises et régulations - 134;Titre 2;23;4005741,73
Économie;Développement des entreprises et régulations - 134;Titre 3;31;122381127,37
Économie;Développement des entreprises et régulations - 134;Titre 3;32;175083869
Économie;Développement des entreprises et régulations - 134;Titre 5;51;808421,08
Économie;Développement des entreprises et régulations - 134;Titre 5;52;378020,75
Économie;Développement des entreprises et régulations - 134;Titre 5;53;2992000
Économie;Développement des entreprises et régulations - 134;Titre 6;61;29,96
Économie;Développement des entreprises et régulations - 134;Titre 6;62;2890772147,63
Économie;Développement des entreprises et régulations - 134;Titre 6;63;64215631
Économie;Développement des entreprises et régulations - 134;Titre 6;64;31627237,97
Économie;Développement des entreprises et régulations - 134;Titre 7;71;30465,08
Économie;Plan France Très haut débit - 343;Titre 3;31;5930290,81
Économie;Plan France Très haut débit - 343;Titre 3;32;7065000
Économie;Plan France Très haut débit - 343;Titre 6;63;247878000
Économie;Statistiques et études économiques - 220;Titre 2;21;245287141,92
Économie;Statistiques et études économiques - 220;Titre 2;22;138090198,82
Économie;Statistiques et études économiques - 220;Titre 2;23;3324565,18
Économie;Statistiques et études économiques - 220;Titre 3;31;45861744,83
Économie;Statistiques et études économiques - 220;Titre 5;51;2401276,6
Économie;Statistiques et études économiques - 220;Titre 5;52;3437870,59
Économie;Statistiques et études économiques - 220;Titre 6;63;20644280
Économie;Statistiques et études économiques - 220;Titre 6;64;282362,16
Économie;Stratégies économiques - 305;Titre 2;21;106133119,78
Économie;Stratégies économiques - 305;Titre 2;22;33840711,87
Économie;Stratégies économiques - 305;Titre 2;23;1078155,87
Économie;Stratégies économiques - 305;Titre 3;31;240737691,02
Économie;Stratégies économiques - 305;Titre 5;51;34199,81
Économie;Stratégies économiques - 305;Titre 6;62;287760555,35
Économie;Stratégies économiques - 305;Titre 6;63;50000
Économie;Stratégies économiques - 305;Titre 6;64;22350618,31
Engagements financiers de l'État;Amortissement de la dette de l'État liée à la covid-19 - 369;Titre 3;31;6474951599
Engagements financiers de l'État;Appels en garantie de l'État (crédits évaluatifs) - 114;Titre 3;31;74671277
Engagements financiers de l'État;Appels en garantie de l'État (crédits évaluatifs) - 114;Titre 6;65;1846873808,85
Engagements financiers de l'État;Charge de la dette de SNCF Réseau reprise par l'État (crédits évaluatifs) - 355;Titre 4;43;817130417,58
Engagements financiers de l'État;Charge de la dette et trésorerie de l'État (crédits évaluatifs) - 117;Titre 4;43;49267565888,52
Engagements financiers de l'État;Épargne - 145;Titre 3;31;1003721,41
Engagements financiers de l'État;Épargne - 145;Titre 6;61;105000000
Engagements financiers de l'État;Fonds de soutien relatif aux prêts et contrats financiers structurés à risque - 344;Titre 3;31;38335,38
Engagements financiers de l'État;Fonds de soutien relatif aux prêts et contrats financiers structurés à risque - 344;Titre 6;63;177372483,51
Enseignement scolaire;Enseignement privé du premier et du second degrés - 139;Titre 2;21;5828248425,22
Enseignement scolaire;Enseignement privé du premier et du second degrés - 139;Titre 2;22;2148543051,69
Enseignement scolaire;Enseignement privé du premier et du second degrés - 139;Titre 2;23;67079635,33
Enseignement scolaire;Enseignement privé du premier et du second degrés - 139;Titre 3;31;3917846,7
Enseignement scolaire;Enseignement privé du premier et du second degrés - 139;Titre 6;61;150343811,71
Enseignement scolaire;Enseignement privé du premier et du second degrés - 139;Titre 6;62;28430
Enseignement scolaire;Enseignement privé du premier et du second degrés - 139;Titre 6;63;198475,75
Enseignement scolaire;Enseignement privé du premier et du second degrés - 139;Titre 6;64;740921399,53
Enseignement scolaire;Enseignement privé du premier et du second degrés - 139;Titre 7;71;77590,8
Enseignement scolaire;Enseignement scolaire public du premier degré - 140;Titre 2;21;15121145131,07
Enseignement scolaire;Enseignement scolaire public du premier degré - 140;Titre 2;22;11338601361,78
Enseignement scolaire;Enseignement scolaire public du premier degré - 140;Titre 2;23;130680850,83
Enseignement scolaire;Enseignement scolaire public du premier degré - 140;Titre 3;31;52212753,97
Enseignement scolaire;Enseignement scolaire public du premier degré - 140;Titre 3;32;316455,8
Enseignement scolaire;Enseignement scolaire public du premier degré - 140;Titre 5;51;99000
Enseignement scolaire;Enseignement scolaire public du premier degré - 140;Titre 6;61;24343
Enseignement scolaire;Enseignement scolaire public du premier degré - 140;Titre 6;62;7845
Enseignement scolaire;Enseignement scolaire public du premier degré - 140;Titre 6;63;30796235,69
Enseignement scolaire;Enseignement scolaire public du premier degré - 140;Titre 6;64;10711426,27
Enseignement scolaire;Enseignement scolaire public du premier degré - 140;Titre 7;71;949531,89
Enseignement scolaire;Enseignement scolaire public du second degré - 141;Titre 2;21;22263827450,62
Enseignement scolaire;Enseignement scolaire public du second degré - 141;Titre 2;22;15297694480,49
Enseignement scolaire;Enseignement scolaire public du second degré - 141;Titre 2;23;227165497,88
Enseignement scolaire;Enseignement scolaire public du second degré - 141;Titre 3;31;59927097,44
Enseignement scolaire;Enseignement scolaire public du second degré - 141;Titre 3;32;826080
Enseignement scolaire;Enseignement scolaire public du second degré - 141;Titre 6;61;321012705
Enseignement scolaire;Enseignement scolaire public du second degré - 141;Titre 6;62;678894,17
Enseignement scolaire;Enseignement scolaire public du second degré - 141;Titre 6;63;63346523,27
Enseignement scolaire;Enseignement scolaire public du second degré - 141;Titre 6;64;12809394,05
Enseignement scolaire;Enseignement technique agricole - 143;Titre 2;21;695599244,1
Enseignement scolaire;Enseignement technique agricole - 143;Titre 2;22;386979216,21
Enseignement scolaire;Enseignement technique agricole - 143;Titre 2;23;8786433,74
Enseignement scolaire;Enseignement technique agricole - 143;Titre 3;31;11536098,77
Enseignement scolaire;Enseignement technique agricole - 143;Titre 6;61;88916130,06
Enseignement scolaire;Enseignement technique agricole - 143;Titre 6;63;58742323,03
Enseignement scolaire;Enseignement technique agricole - 143;Titre 6;64;430226506,75
Enseignement scolaire;Enseignement technique agricole - 143;Titre 7;72;832878
Enseignement scolaire;Soutien de la politique de l'éducation nationale - 214;Titre 2;21;1295967209,71
Enseignement scolaire;Soutien de la politique de l'éducation nationale - 214;Titre 2;22;725962055,43
Enseignement scolaire;Soutien de la politique de l'éducation nationale - 214;Titre 2;23;51491454,93
Enseignement scolaire;Soutien de la politique de l'éducation nationale - 214;Titre 3;31;490766375,96
Enseignement scolaire;Soutien de la politique de l'éducation nationale - 214;Titre 3;32;149724329,87
Enseignement scolaire;Soutien de la politique de l'éducation nationale - 214;Titre 5;51;120911074,09
Enseignement scolaire;Soutien de la politique de l'éducation nationale - 214;Titre 5;52;47194108
Enseignement scolaire;Soutien de la politique de l'éducation nationale - 214;Titre 5;53;1341466
Enseignement scolaire;Soutien de la politique de l'éducation nationale - 214;Titre 6;61;156316,22
Enseignement scolaire;Soutien de la politique de l'éducation nationale - 214;Titre 6;62;1621088
Enseignement scolaire;Soutien de la politique de l'éducation nationale - 214;Titre 6;63;13012860,09
Enseignement scolaire;Soutien de la politique de l'éducation nationale - 214;Titre 6;64;11636959,31
Enseignement scolaire;Soutien de la politique de l'éducation nationale - 214;Titre 7;71;7600
Enseignement scolaire;Vie de l'élève - 230;Titre 2;21;3301572345,92
Enseignement scolaire;Vie de l'élève - 230;Titre 2;22;1525549930,28
Enseignement scolaire;Vie de l'élève - 230;Titre 2;23;46139656,51
Enseignement scolaire;Vie de l'élève - 230;Titre 3;31;72079199,04
Enseignement scolaire;Vie de l'élève - 230;Titre 3;32;830000
Enseignement scolaire;Vie de l'élève - 230;Titre 6;61;767803825,71
Enseignement scolaire;Vie de l'élève - 230;Titre 6;62;94846480
Enseignement scolaire;Vie de l'élève - 230;Titre 6;63;2041661769,86
Enseignement scolaire;Vie de l'élève - 230;Titre 6;64;83415269,97
Enseignement scolaire;Vie de l'élève - 230;Titre 6;65;-24597
Gestion des finances publiques;Conduite et pilotage des politiques économiques et financières - 218;Titre 2;21;312744192,88
Gestion des finances publiques;Conduite et pilotage des politiques économiques et financières - 218;Titre 2;22;196734626
Gestion des finances publiques;Conduite et pilotage des politiques économiques et financières - 218;Titre 2;23;10624654,11
Gestion des finances publiques;Conduite et pilotage des politiques économiques et financières - 218;Titre 3;31;404963910,19
Gestion des finances publiques;Conduite et pilotage des politiques économiques et financières - 218;Titre 3;32;37500
Gestion des finances publiques;Conduite et pilotage des politiques économiques et financières - 218;Titre 5;51;5954964,46
Gestion des finances publiques;Conduite et pilotage des politiques économiques et financières - 218;Titre 5;52;29957233,68
Gestion des finances publiques;Conduite et pilotage des politiques économiques et financières - 218;Titre 5;53;90640
Gestion des finances publiques;Conduite et pilotage des politiques économiques et financières - 218;Titre 6;61;516016,94
Gestion des finances publiques;Conduite et pilotage des politiques économiques et financières - 218;Titre 6;62;82260
Gestion des finances publiques;Conduite et pilotage des politiques économiques et financières - 218;Titre 6;63;111672
Gestion des finances publiques;Conduite et pilotage des politiques économiques et financières - 218;Titre 6;64;759181
Gestion des finances publiques;Conduite et pilotage des politiques économiques et financières - 218;Titre 7;71;580530
Gestion des finances publiques;Facilitation et sécurisation des échanges - 302;Titre 2;21;824579709,73
Gestion des finances publiques;Facilitation et sécurisation des échanges - 302;Titre 2;22;489770307,97
Gestion des finances publiques;Facilitation et sécurisation des échanges - 302;Titre 2;23;8138490,93
Gestion des finances publiques;Facilitation et sécurisation des échanges - 302;Titre 3;31;258799860,55
Gestion des finances publiques;Facilitation et sécurisation des échanges - 302;Titre 3;32;75,25
Gestion des finances publiques;Facilitation et sécurisation des échanges - 302;Titre 5;51;27069250,95
Gestion des finances publiques;Facilitation et sécurisation des échanges - 302;Titre 5;52;15662802,57
Gestion des finances publiques;Facilitation et sécurisation des échanges - 302;Titre 6;61;3549772,9
Gestion des finances publiques;Facilitation et sécurisation des échanges - 302;Titre 6;62;39352609,68
Gestion des finances publiques;Facilitation et sécurisation des échanges - 302;Titre 6;64;5871322,44
Gestion des finances publiques;Gestion fiscale et financière de l'État et du secteur public local - 156;Titre 2;21;4104154272,14
Gestion des finances publiques;Gestion fiscale et financière de l'État et du secteur public local - 156;Titre 2;22;2585882891,18
Gestion des finances publiques;Gestion fiscale et financière de l'État et du secteur public local - 156;Titre 2;23;53597704,39
Gestion des finances publiques;Gestion fiscale et financière de l'État et du secteur public local - 156;Titre 3;31;1081415564,99
Gestion des finances publiques;Gestion fiscale et financière de l'État et du secteur public local - 156;Titre 3;32;-5180,87
Gestion des finances publiques;Gestion fiscale et financière de l'État et du secteur public local - 156;Titre 5;51;67041055,12
Gestion des finances publiques;Gestion fiscale et financière de l'État et du secteur public local - 156;Titre 5;52;66567329,89
Gestion des finances publiques;Gestion fiscale et financière de l'État et du secteur public local - 156;Titre 6;61;16343,02
Gestion des finances publiques;Gestion fiscale et financière de l'État et du secteur public local - 156;Titre 6;63;10000
Gestion des finances publiques;Gestion fiscale et financière de l'État et du secteur public local - 156;Titre 6;64;516669,4
Immigration, asile et intégration;Immigration et asile - 303;Titre 3;31;214177329,98
Immigration, asile et intégration;Immigration et asile - 303;Titre 3;32;107498453,88
Immigration, asile et intégration;Immigration et asile - 303;Titre 5;51;15500385,93
Immigration, asile et intégration;Immigration et asile - 303;Titre 5;52;14266177,25
Immigration, asile et intégration;Immigration et asile - 303;Titre 5;53;2139406
Immigration, asile et intégration;Immigration et asile - 303;Titre 6;61;368246008,87
Immigration, asile et intégration;Immigration et asile - 303;Titre 6;62;134026944,5
Immigration, asile et intégration;Immigration et asile - 303;Titre 6;63;3858689,23
Immigration, asile et intégration;Immigration et asile - 303;Titre 6;64;975885640,21
Immigration, asile et intégration;Intégration et accès à la nationalité française - 104;Titre 3;31;49866042,54
Immigration, asile et intégration;Intégration et accès à la nationalité française - 104;Titre 3;32;221287838
Immigration, asile et intégration;Intégration et accès à la nationalité française - 104;Titre 5;51;23220,75
Immigration, asile et intégration;Intégration et accès à la nationalité française - 104;Titre 5;52;619405,48
Immigration, asile et intégration;Intégration et accès à la nationalité française - 104;Titre 5;53;9450000
Immigration, asile et intégration;Intégration et accès à la nationalité française - 104;Titre 6;61;17568708,99
Immigration, asile et intégration;Intégration et accès à la nationalité française - 104;Titre 6;62;1747356,69
Immigration, asile et intégration;Intégration et accès à la nationalité française - 104;Titre 6;63;11681877,08
Immigration, asile et intégration;Intégration et accès à la nationalité française - 104;Titre 6;64;42881249,46
Investir pour la France de 2030;Accélération de la modernisation des entreprises - 423;Titre 6;62;16000000
Investir pour la France de 2030;Accélération de la modernisation des entreprises - 423;Titre 6;64;4600000
Investir pour la France de 2030;Accélération de la modernisation des entreprises - 423;Titre 7;71;-97124300
Investir pour la France de 2030;Financement des investissements stratégiques - 424;Titre 3;31;212214237,78
Investir pour la France de 2030;Financement des investissements stratégiques - 424;Titre 5;52;216352,08
Investir pour la France de 2030;Financement des investissements stratégiques - 424;Titre 6;62;3611944551,94
Investir pour la France de 2030;Financement des investissements stratégiques - 424;Titre 6;63;3938780,96
Investir pour la France de 2030;Financement des investissements stratégiques - 424;Titre 6;64;814679473,33
Investir pour la France de 2030;Financement structurel des écosystèmes d'innovation - 425;Titre 3;31;705000000
Investir pour la France de 2030;Financement structurel des écosystèmes d'innovation - 425;Titre 6;62;552785080
Investir pour la France de 2030;Financement structurel des écosystèmes d'innovation - 425;Titre 6;64;182000000
Investir pour la France de 2030;Financement structurel des écosystèmes d'innovation - 425;Titre 7;71;-60000000
Investir pour la France de 2030;Soutien des progrès de l'enseignement et de la recherche - 421;Titre 6;64;240975000
Investir pour la France de 2030;Valorisation de la recherche - 422;Titre 3;31;50000000
Investir pour la France de 2030;Valorisation de la recherche - 422;Titre 6;62;25000000
Investir pour la France de 2030;Valorisation de la recherche - 422;Titre 6;64;8349000
Justice;Accès au droit et à la justice - 101;Titre 3;31;9770762,77
Justice;Accès au droit et à la justice - 101;Titre 3;32;141289
Justice;Accès au droit et à la justice - 101;Titre 6;61;657104011,91
Justice;Accès au droit et à la justice - 101;Titre 6;63;99807
Justice;Accès au droit et à la justice - 101;Titre 6;64;59854682,9
Justice;Administration pénitentiaire - 107;Titre 2;21;1899810583,46
Justice;Administration pénitentiaire - 107;Titre 2;22;1258355642,03
Justice;Administration pénitentiaire - 107;Titre 2;23;24176575,96
Justice;Administration pénitentiaire - 107;Titre 3;31;1226220034,44
Justice;Administration pénitentiaire - 107;Titre 3;32;36822964,78
Justice;Administration pénitentiaire - 107;Titre 5;51;478273155,63
Justice;Administration pénitentiaire - 107;Titre 5;52;2572976,18
Justice;Administration pénitentiaire - 107;Titre 6;61;6353882,28
Justice;Administration pénitentiaire - 107;Titre 6;62;1862606,08
Justice;Administration pénitentiaire - 107;Titre 6;63;8500
Justice;Administration pénitentiaire - 107;Titre 6;64;10316708,32
Justice;Conduite et pilotage de la politique de la justice - 310;Titre 2;21;156363900,96
Justice;Conduite et pilotage de la politique de la justice - 310;Titre 2;22;73716701,66
Justice;Conduite et pilotage de la politique de la justice - 310;Titre 2;23;4669707,02
Justice;Conduite et pilotage de la politique de la justice - 310;Titre 3;31;376465512,27
Justice;Conduite et pilotage de la politique de la justice - 310;Titre 3;32;29684970
Justice;Conduite et pilotage de la politique de la justice - 310;Titre 5;51;10767176,29
Justice;Conduite et pilotage de la politique de la justice - 310;Titre 5;52;31249976,89
Justice;Conduite et pilotage de la politique de la justice - 310;Titre 5;53;668587
Justice;Conduite et pilotage de la politique de la justice - 310;Titre 6;62;278812,22
Justice;Conduite et pilotage de la politique de la justice - 310;Titre 6;64;3416239,29
Justice;Conduite et pilotage de la politique de la justice - 310;Titre 7;72;200813
Justice;Conseil supérieur de la magistrature - 335;Titre 2;21;2454867,91
Justice;Conseil supérieur de la magistrature - 335;Titre 2;22;704469,87
Justice;Conseil supérieur de la magistrature - 335;Titre 2;23;17784,37
Justice;Conseil supérieur de la magistrature - 335;Titre 3;31;2098152,69
Justice;Justice judiciaire - 166;Titre 2;21;1878330905,4
Justice;Justice judiciaire - 166;Titre 2;22;1041465980,97
Justice;Justice judiciaire - 166;Titre 2;23;20898941,71
Justice;Justice judiciaire - 166;Titre 3;31;1154365827,19
Justice;Justice judiciaire - 166;Titre 3;32;45763380
Justice;Justice judiciaire - 166;Titre 5;51;187033714,99
Justice;Justice judiciaire - 166;Titre 5;52;3428607,7
Justice;Justice judiciaire - 166;Titre 6;63;307579,74
Justice;Justice judiciaire - 166;Titre 6;64;43280146,76
Justice;Protection judiciaire de la jeunesse - 182;Titre 2;21;412367856,16
Justice;Protection judiciaire de la jeunesse - 182;Titre 2;22;242608381,17
Justice;Protection judiciaire de la jeunesse - 182;Titre 2;23;9783665,49
Justice;Protection judiciaire de la jeunesse - 182;Titre 3;31;112207524,9
Justice;Protection judiciaire de la jeunesse - 182;Titre 5;51;20858740,68
Justice;Protection judiciaire de la jeunesse - 182;Titre 5;52;464677,92
Justice;Protection judiciaire de la jeunesse - 182;Titre 6;61;6396877,67
Justice;Protection judiciaire de la jeunesse - 182;Titre 6;63;415405
Justice;Protection judiciaire de la jeunesse - 182;Titre 6;64;282292520,48
Médias, livre et industries culturelles;Livre et industries culturelles - 334;Titre 3;31;10811511,82
Médias, livre et industries culturelles;Livre et industries culturelles - 334;Titre 3;32;275460178
Médias, livre et industries culturelles;Livre et industries culturelles - 334;Titre 5;51;1290000
Médias, livre et industries culturelles;Livre et industries culturelles - 334;Titre 5;53;37826438
Médias, livre et industries culturelles;Livre et industries culturelles - 334;Titre 6;62;3678877,72
Médias, livre et industries culturelles;Livre et industries culturelles - 334;Titre 6;63;1360577
Médias, livre et industries culturelles;Livre et industries culturelles - 334;Titre 6;64;17333601,87
Médias, livre et industries culturelles;Presse et médias - 180;Titre 3;31;23658383,77
Médias, livre et industries culturelles;Presse et médias - 180;Titre 6;61;499000
Médias, livre et industries culturelles;Presse et médias - 180;Titre 6;62;298274878,14
Médias, livre et industries culturelles;Presse et médias - 180;Titre 6;64;41346473,8
Outre-Mer;Conditions de vie Outre-Mer - 123;Titre 3;31;31411447,94
Outre-Mer;Conditions de vie Outre-Mer - 123;Titre 3;32;490859,1
Outre-Mer;Conditions de vie Outre-Mer - 123;Titre 5;51;2590412,69
Outre-Mer;Conditions de vie Outre-Mer - 123;Titre 6;61;78917272,11
Outre-Mer;Conditions de vie Outre-Mer - 123;Titre 6;62;260701567,46
Outre-Mer;Conditions de vie Outre-Mer - 123;Titre 6;63;527520113,66
Outre-Mer;Conditions de vie Outre-Mer - 123;Titre 6;64;35978124,83
Outre-Mer;Emploi Outre-Mer - 138;Titre 2;21;126961891,01
Outre-Mer;Emploi Outre-Mer - 138;Titre 2;22;70867175,26
Outre-Mer;Emploi Outre-Mer - 138;Titre 2;23;2702934,39
Outre-Mer;Emploi Outre-Mer - 138;Titre 3;31;80086328,27
Outre-Mer;Emploi Outre-Mer - 138;Titre 3;32;12170550
Outre-Mer;Emploi Outre-Mer - 138;Titre 5;51;26081474,89
Outre-Mer;Emploi Outre-Mer - 138;Titre 6;61;8015009,04
Outre-Mer;Emploi Outre-Mer - 138;Titre 6;62;1614781373,61
Outre-Mer;Emploi Outre-Mer - 138;Titre 6;63;27168423,91
Outre-Mer;Emploi Outre-Mer - 138;Titre 6;64;10549174,51
Plan de relance;Cohésion - 364;Titre 3;31;518130
Plan de relance;Cohésion - 364;Titre 6;61;79777,5
Plan de relance;Cohésion - 364;Titre 6;62;-53304336,5
Plan de relance;Cohésion - 364;Titre 6;63;59509908,79
Plan de relance;Cohésion - 364;Titre 6;64;75824429,25
Plan de relance;Compétitivité - 363;Titre 3;31;61881013,5
Plan de relance;Compétitivité - 363;Titre 5;51;22002779,5
Plan de relance;Compétitivité - 363;Titre 5;52;10658904,69
Plan de relance;Compétitivité - 363;Titre 6;61;45725,04
Plan de relance;Compétitivité - 363;Titre 6;62;257449983,31
Plan de relance;Compétitivité - 363;Titre 6;63;23590049,71
Plan de relance;Compétitivité - 363;Titre 6;64;11158951,46
Plan de relance;Écologie - 362;Titre 3;31;33831507,95
Plan de relance;Écologie - 362;Titre 3;32;175889,14
Plan de relance;Écologie - 362;Titre 5;51;184258611,06
Plan de relance;Écologie - 362;Titre 6;61;-38260000
Plan de relance;Écologie - 362;Titre 6;62;706353196,27
Plan de relance;Écologie - 362;Titre 6;63;377638502,96
Plan de relance;Écologie - 362;Titre 6;64;412441271,5
Plan de relance;Écologie - 362;Titre 7;72;89799870,79
Pouvoirs publics;Assemblée nationale - 511;Titre 1;10;627181842
Pouvoirs publics;Conseil constitutionnel - 531;Titre 1;10;17930000
Pouvoirs publics;Cour de justice de la République - 533;Titre 1;10;984000
Pouvoirs publics;La Chaîne parlementaire - 541;Titre 1;10;35245822
Pouvoirs publics;Présidence de la République - 501;Titre 1;10;122563852
Pouvoirs publics;Sénat - 521;Titre 1;10;353470900
Recherche et enseignement supérieur;Enseignement supérieur et recherche agricoles - 142;Titre 2;21;148826187,93
Recherche et enseignement supérieur;Enseignement supérieur et recherche agricoles - 142;Titre 2;22;101358479,9
Recherche et enseignement supérieur;Enseignement supérieur et recherche agricoles - 142;Titre 2;23;1890325,86
Recherche et enseignement supérieur;Enseignement supérieur et recherche agricoles - 142;Titre 3;31;522584,71
Recherche et enseignement supérieur;Enseignement supérieur et recherche agricoles - 142;Titre 3;32;80194325
Recherche et enseignement supérieur;Enseignement supérieur et recherche agricoles - 142;Titre 5;53;16493085
Recherche et enseignement supérieur;Enseignement supérieur et recherche agricoles - 142;Titre 6;61;30643368,61
Recherche et enseignement supérieur;Enseignement supérieur et recherche agricoles - 142;Titre 6;64;37746218
Recherche et enseignement supérieur;Enseignement supérieur et recherche agricoles - 142;Titre 7;72;3399042,04
Recherche et enseignement supérieur;Formations supérieures et recherche universitaire - 150;Titre 2;21;252920902,48
Recherche et enseignement supérieur;Formations supérieures et recherche universitaire - 150;Titre 2;22;167217851,82
Recherche et enseignement supérieur;Formations supérieures et recherche universitaire - 150;Titre 2;23;4659208,93
Recherche et enseignement supérieur;Formations supérieures et recherche universitaire - 150;Titre 3;31;23038810,07
Recherche et enseignement supérieur;Formations supérieures et recherche universitaire - 150;Titre 3;32;14236824404
Recherche et enseignement supérieur;Formations supérieures et recherche universitaire - 150;Titre 5;51;48629887,63
Recherche et enseignement supérieur;Formations supérieures et recherche universitaire - 150;Titre 5;53;129470416,21
Recherche et enseignement supérieur;Formations supérieures et recherche universitaire - 150;Titre 6;61;335814,73
Recherche et enseignement supérieur;Formations supérieures et recherche universitaire - 150;Titre 6;62;3831250
Recherche et enseignement supérieur;Formations supérieures et recherche universitaire - 150;Titre 6;63;4525254,32
Recherche et enseignement supérieur;Formations supérieures et recherche universitaire - 150;Titre 6;64;155175208,66
Recherche et enseignement supérieur;Formations supérieures et recherche universitaire - 150;Titre 7;72;81596728,56
Recherche et enseignement supérieur;Recherche dans les domaines de l'énergie, du développement et de la mobilité durables - 190;Titre 3;31;-3469281,84
Recherche et enseignement supérieur;Recherche dans les domaines de l'énergie, du développement et de la mobilité durables - 190;Titre 3;32;1821217576
Recherche et enseignement supérieur;Recherche dans les domaines de l'énergie, du développement et de la mobilité durables - 190;Titre 6;62;199191145,73
Recherche et enseignement supérieur;Recherche dans les domaines de l'énergie, du développement et de la mobilité durables - 190;Titre 6;64;5369412,62
Recherche et enseignement supérieur;Recherche dans les domaines de l'énergie, du développement et de la mobilité durables - 190;Titre 7;71;1516633,5
Recherche et enseignement supérieur;Recherche dans les domaines de l'énergie, du développement et de la mobilité durables - 190;Titre 7;72;15331116
Recherche et enseignement supérieur;Recherche duale (civile et militaire) - 191;Titre 3;32;137249053
Recherche et enseignement supérieur;Recherche duale (civile et militaire) - 191;Titre 5;53;11857050
Recherche et enseignement supérieur;Recherche duale (civile et militaire) - 191;Titre 7;72;913064
Recherche et enseignement supérieur;Recherche et enseignement supérieur en matière économique et industrielle - 192;Titre 3;31;35171,19
Recherche et enseignement supérieur;Recherche et enseignement supérieur en matière économique et industrielle - 192;Titre 3;32;350129705
Recherche et enseignement supérieur;Recherche et enseignement supérieur en matière économique et industrielle - 192;Titre 5;53;6120678
Recherche et enseignement supérieur;Recherche et enseignement supérieur en matière économique et industrielle - 192;Titre 6;61;8047875
Recherche et enseignement supérieur;Recherche et enseignement supérieur en matière économique et industrielle - 192;Titre 6;62;299946285,06
Recherche et enseignement supérieur;Recherche et enseignement supérieur en matière économique et industrielle - 192;Titre 6;64;5386562,73
Recherche et enseignement supérieur;Recherche spatiale - 193;Titre 3;32;651457157,24
Recherche et enseignement supérieur;Recherche spatiale - 193;Titre 5;53;72600527
Recherche et enseignement supérieur;Recherche spatiale - 193;Titre 6;64;883221856,28
Recherche et enseignement supérieur;Recherche spatiale - 193;Titre 7;72;0,48
Recherche et enseignement supérieur;Recherches scientifiques et technologiques pluridisciplinaires - 172;Titre 3;31;28887578,48
Recherche et enseignement supérieur;Recherches scientifiques et technologiques pluridisciplinaires - 172;Titre 3;32;6019698961,7
Recherche et enseignement supérieur;Recherches scientifiques et technologiques pluridisciplinaires - 172;Titre 5;51;726062
Recherche et enseignement supérieur;Recherches scientifiques et technologiques pluridisciplinaires - 172;Titre 5;53;63888936,2
Recherche et enseignement supérieur;Recherches scientifiques et technologiques pluridisciplinaires - 172;Titre 6;61;985240
Recherche et enseignement supérieur;Recherches scientifiques et technologiques pluridisciplinaires - 172;Titre 6;62;80458489,91
Recherche et enseignement supérieur;Recherches scientifiques et technologiques pluridisciplinaires - 172;Titre 6;63;6288462,85
Recherche et enseignement supérieur;Recherches scientifiques et technologiques pluridisciplinaires - 172;Titre 6;64;1512795714,66
Recherche et enseignement supérieur;Recherches scientifiques et technologiques pluridisciplinaires - 172;Titre 7;72;19970940,43
Recherche et enseignement supérieur;Recherches scientifiques et technologiques pluridisciplinaires - 172;Titre 7;73;3000000
Recherche et enseignement supérieur;Vie étudiante - 231;Titre 3;31;1968113,08
Recherche et enseignement supérieur;Vie étudiante - 231;Titre 3;32;576952971,4
Recherche et enseignement supérieur;Vie étudiante - 231;Titre 5;51;1244930,77
Recherche et enseignement supérieur;Vie étudiante - 231;Titre 5;53;92720298
Recherche et enseignement supérieur;Vie étudiante - 231;Titre 6;61;2544672648,47
Recherche et enseignement supérieur;Vie étudiante - 231;Titre 6;62;6933408
Recherche et enseignement supérieur;Vie étudiante - 231;Titre 6;63;909277,15
Recherche et enseignement supérieur;Vie étudiante - 231;Titre 6;64;19110849
Recherche et enseignement supérieur;Vie étudiante - 231;Titre 7;72;9733564,3
Régimes sociaux et de retraite;Régimes de retraite des mines, de la SEITA et divers - 195;Titre 6;61;11906,28
Régimes sociaux et de retraite;Régimes de retraite des mines, de la SEITA et divers - 195;Titre 6;64;1082986100
Régimes sociaux et de retraite;Régimes de retraite et de sécurité sociale des marins - 197;Titre 3;32;12995065
Régimes sociaux et de retraite;Régimes de retraite et de sécurité sociale des marins - 197;Titre 6;64;761491058
Régimes sociaux et de retraite;Régimes sociaux et de retraite des transports terrestres - 198;Titre 6;64;4206133513,56
Relations avec les collectivités territoriales;Concours financiers aux collectivités territoriales et à leurs groupements - 119;Titre 6;62;18813347,17
Relations avec les collectivités territoriales;Concours financiers aux collectivités territoriales et à leurs groupements - 119;Titre 6;63;3608072652,39
Relations avec les collectivités territoriales;Concours financiers aux collectivités territoriales et à leurs groupements - 119;Titre 6;64;11137724,98
Relations avec les collectivités territoriales;Concours spécifiques et administration - 122;Titre 3;31;3225853,55
Relations avec les collectivités territoriales;Concours spécifiques et administration - 122;Titre 5;52;3864574,97
Relations avec les collectivités territoriales;Concours spécifiques et administration - 122;Titre 6;63;248035089,2
Relations avec les collectivités territoriales;Concours spécifiques et administration - 122;Titre 6;64;1523569,41
Remboursements et dégrèvements;Remboursements et dégrèvements d'impôts d'État (crédits évaluatifs) - 200;Titre 2;21;1690
Remboursements et dégrèvements;Remboursements et dégrèvements d'impôts d'État (crédits évaluatifs) - 200;Titre 3;31;3520004007,98
Remboursements et dégrèvements;Remboursements et dégrèvements d'impôts d'État (crédits évaluatifs) - 200;Titre 6;61;29464358241,88
Remboursements et dégrèvements;Remboursements et dégrèvements d'impôts d'État (crédits évaluatifs) - 200;Titre 6;62;107898090226,09
Remboursements et dégrèvements;Remboursements et dégrèvements d'impôts d'État (crédits évaluatifs) - 200;Titre 6;64;685876414,24
Remboursements et dégrèvements;Remboursements et dégrèvements d'impôts locaux (crédits évaluatifs) - 201;Titre 3;31;53555126,2
Remboursements et dégrèvements;Remboursements et dégrèvements d'impôts locaux (crédits évaluatifs) - 201;Titre 6;62;2219709,17
Remboursements et dégrèvements;Remboursements et dégrèvements d'impôts locaux (crédits évaluatifs) - 201;Titre 6;63;4899390574,47
Santé;Compensation à la Sécurité sociale du coût des dons de vaccins à des pays tiers et reversement des recettes de la Facilité pour la relance et la résilience (FRR) européenne au titre du volet «Ségur investissement» du plan national de relance et de résili - 379;Titre 6;64;1248900000
Santé;Prévention, sécurité sanitaire et offre de soins - 204;Titre 2;21;1176500
Santé;Prévention, sécurité sanitaire et offre de soins - 204;Titre 3;31;126961680,55
Santé;Prévention, sécurité sanitaire et offre de soins - 204;Titre 3;32;70056960,6
Santé;Prévention, sécurité sanitaire et offre de soins - 204;Titre 6;61;27609036
Santé;Prévention, sécurité sanitaire et offre de soins - 204;Titre 6;62;4801590,55
Santé;Prévention, sécurité sanitaire et offre de soins - 204;Titre 6;63;276353,15
Santé;Prévention, sécurité sanitaire et offre de soins - 204;Titre 6;64;156248975,16
Santé;Protection maladie - 183;Titre 6;61;1166740000
Sécurités;Gendarmerie nationale - 152;Titre 2;21;4611312701,58
Sécurités;Gendarmerie nationale - 152;Titre 2;22;4435676552,31
Sécurités;Gendarmerie nationale - 152;Titre 2;23;35988276,17
Sécurités;Gendarmerie nationale - 152;Titre 3;31;1718665659,76
Sécurités;Gendarmerie nationale - 152;Titre 3;32;60512,84
Sécurités;Gendarmerie nationale - 152;Titre 5;51;178890399,33
Sécurités;Gendarmerie nationale - 152;Titre 5;52;6665376,54
Sécurités;Gendarmerie nationale - 152;Titre 6;62;10000000
Sécurités;Gendarmerie nationale - 152;Titre 6;63;10271061,95
Sécurités;Gendarmerie nationale - 152;Titre 6;64;2336247,31
Sécurités;Police nationale - 176;Titre 2;21;7001911604,19
Sécurités;Police nationale - 176;Titre 2;22;4461985912,08
Sécurités;Police nationale - 176;Titre 2;23;64899626,33
Sécurités;Police nationale - 176;Titre 3;31;1518180902,28
Sécurités;Police nationale - 176;Titre 3;32;26128161,68
Sécurités;Police nationale - 176;Titre 5;51;300094392,87
Sécurités;Police nationale - 176;Titre 5;52;24440925,71
Sécurités;Police nationale - 176;Titre 6;62;3360343,11
Sécurités;Police nationale - 176;Titre 6;63;29000000,01
Sécurités;Police nationale - 176;Titre 6;64;12058258,85
Sécurités;Police nationale - 176;Titre 7;72;1180000
Sécurités;Sécurité civile - 161;Titre 2;21;129844569,81
Sécurités;Sécurité civile - 161;Titre 2;22;85399484,24
Sécurités;Sécurité civile - 161;Titre 2;23;818237,89
Sécurités;Sécurité civile - 161;Titre 3;31;313158444,04
Sécurités;Sécurité civile - 161;Titre 3;32;17375363,75
Sécurités;Sécurité civile - 161;Titre 5;51;173849114,68
Sécurités;Sécurité civile - 161;Titre 5;52;14612085,15
Sécurités;Sécurité civile - 161;Titre 5;53;3525763
Sécurités;Sécurité civile - 161;Titre 6;61;29257787,39
Sécurités;Sécurité civile - 161;Titre 6;62;45831,9
Sécurités;Sécurité civile - 161;Titre 6;63;113485407,97
Sécurités;Sécurité civile - 161;Titre 6;64;81244193,78
Sécurités;Sécurité et éducation routières - 207;Titre 3;31;52523775,51
Sécurités;Sécurité et éducation routières - 207;Titre 3;32;111850
Sécurités;Sécurité et éducation routières - 207;Titre 5;51;840227,38
Sécurités;Sécurité et éducation routières - 207;Titre 5;52;3544309,03
Sécurités;Sécurité et éducation routières - 207;Titre 6;61;4644554,01
Sécurités;Sécurité et éducation routières - 207;Titre 6;62;162711,97
Sécurités;Sécurité et éducation routières - 207;Titre 6;63;938527,66
Sécurités;Sécurité et éducation routières - 207;Titre 6;64;7312433,06
Solidarité, insertion et égalité des chances;Conduite et soutien des politiques sanitaires et sociales - 124;Titre 2;21;280031532,78
Solidarité, insertion et égalité des chances;Conduite et soutien des politiques sanitaires et sociales - 124;Titre 2;22;148368492,39
Solidarité, insertion et égalité des chances;Conduite et soutien des politiques sanitaires et sociales - 124;Titre 2;23;5464915,47
Solidarité, insertion et égalité des chances;Conduite et soutien des politiques sanitaires et sociales - 124;Titre 3;31;198215914,69
Solidarité, insertion et égalité des chances;Conduite et soutien des politiques sanitaires et sociales - 124;Titre 3;32;610227191,35
Solidarité, insertion et égalité des chances;Conduite et soutien des politiques sanitaires et sociales - 124;Titre 5;51;27281621,94
Solidarité, insertion et égalité des chances;Conduite et soutien des politiques sanitaires et sociales - 124;Titre 6;61;86010,6
Solidarité, insertion et égalité des chances;Conduite et soutien des politiques sanitaires et sociales - 124;Titre 6;62;200000
Solidarité, insertion et égalité des chances;Conduite et soutien des politiques sanitaires et sociales - 124;Titre 6;63;12633000
Solidarité, insertion et égalité des chances;Conduite et soutien des politiques sanitaires et sociales - 124;Titre 6;64;8658768,38
Solidarité, insertion et égalité des chances;Égalité entre les femmes et les hommes - 137;Titre 3;31;2078494,92
Solidarité, insertion et égalité des chances;Égalité entre les femmes et les hommes - 137;Titre 6;61;36700081,48
Solidarité, insertion et égalité des chances;Égalité entre les femmes et les hommes - 137;Titre 6;62;164609,8
Solidarité, insertion et égalité des chances;Égalité entre les femmes et les hommes - 137;Titre 6;63;914076
Solidarité, insertion et égalité des chances;Égalité entre les femmes et les hommes - 137;Titre 6;64;61203871,58
Solidarité, insertion et égalité des chances;Handicap et dépendance - 157;Titre 3;31;2708312,57
Solidarité, insertion et égalité des chances;Handicap et dépendance - 157;Titre 3;32;1233277
Solidarité, insertion et égalité des chances;Handicap et dépendance - 157;Titre 6;61;15250707189
Solidarité, insertion et égalité des chances;Handicap et dépendance - 157;Titre 6;63;52500
Solidarité, insertion et égalité des chances;Handicap et dépendance - 157;Titre 6;64;60673413
Solidarité, insertion et égalité des chances;Inclusion sociale et protection des personnes - 304;Titre 2;21;1686220,94
Solidarité, insertion et égalité des chances;Inclusion sociale et protection des personnes - 304;Titre 3;31;15090704,41
Solidarité, insertion et égalité des chances;Inclusion sociale et protection des personnes - 304;Titre 3;32;33132843,71
Solidarité, insertion et égalité des chances;Inclusion sociale et protection des personnes - 304;Titre 6;61;12677858873,16
Solidarité, insertion et égalité des chances;Inclusion sociale et protection des personnes - 304;Titre 6;62;110641611,3
Solidarité, insertion et égalité des chances;Inclusion sociale et protection des personnes - 304;Titre 6;63;463519120,75
Solidarité, insertion et égalité des chances;Inclusion sociale et protection des personnes - 304;Titre 6;64;1021335560,06
Sport, jeunesse et vie associative;Jeunesse et vie associative - 163;Titre 2;21;16270830,68
Sport, jeunesse et vie associative;Jeunesse et vie associative - 163;Titre 2;22;314584,04
Sport, jeunesse et vie associative;Jeunesse et vie associative - 163;Titre 2;23;16032,37
Sport, jeunesse et vie associative;Jeunesse et vie associative - 163;Titre 3;31;108756478,5
Sport, jeunesse et vie associative;Jeunesse et vie associative - 163;Titre 3;32;413728883
Sport, jeunesse et vie associative;Jeunesse et vie associative - 163;Titre 5;51;52598,48
Sport, jeunesse et vie associative;Jeunesse et vie associative - 163;Titre 6;61;-778990,52
Sport, jeunesse et vie associative;Jeunesse et vie associative - 163;Titre 6;62;1503394
Sport, jeunesse et vie associative;Jeunesse et vie associative - 163;Titre 6;63;18733870,43
Sport, jeunesse et vie associative;Jeunesse et vie associative - 163;Titre 6;64;213919911,43
Sport, jeunesse et vie associative;Jeux olympiques et paralympiques 2024 - 350;Titre 3;31;69859,5
Sport, jeunesse et vie associative;Jeux olympiques et paralympiques 2024 - 350;Titre 3;32;15026513
Sport, jeunesse et vie associative;Jeux olympiques et paralympiques 2024 - 350;Titre 5;51;13131755
Sport, jeunesse et vie associative;Jeux olympiques et paralympiques 2024 - 350;Titre 6;62;3837840
Sport, jeunesse et vie associative;Jeux olympiques et paralympiques 2024 - 350;Titre 6;63;21136858
Sport, jeunesse et vie associative;Jeux olympiques et paralympiques 2024 - 350;Titre 6;64;82892529
Sport, jeunesse et vie associative;Sport - 219;Titre 2;21;81071812,02
Sport, jeunesse et vie associative;Sport - 219;Titre 2;22;49430333,44
Sport, jeunesse et vie associative;Sport - 219;Titre 2;23;413253,98
Sport, jeunesse et vie associative;Sport - 219;Titre 3;31;34450786,69
Sport, jeunesse et vie associative;Sport - 219;Titre 3;32;55698477
Sport, jeunesse et vie associative;Sport - 219;Titre 5;51;4677374,17
Sport, jeunesse et vie associative;Sport - 219;Titre 5;53;4045376
Sport, jeunesse et vie associative;Sport - 219;Titre 6;61;15429580,23
Sport, jeunesse et vie associative;Sport - 219;Titre 6;62;1236602,3
Sport, jeunesse et vie associative;Sport - 219;Titre 6;63;71173921,64
Sport, jeunesse et vie associative;Sport - 219;Titre 6;64;321206870,74
Sport, jeunesse et vie associative;Sport - 219;Titre 7;72;192000
Transformation et fonction publiques;Conduite et pilotage de la transformation et de la fonction publiques - 368;Titre 2;21;32160355,82
Transformation et fonction publiques;Conduite et pilotage de la transformation et de la fonction publiques - 368;Titre 2;22;14219932,95
Transformation et fonction publiques;Conduite et pilotage de la transformation et de la fonction publiques - 368;Titre 2;23;544425,97
Transformation et fonction publiques;Fonction publique - 148;Titre 2;21;121575,16
Transformation et fonction publiques;Fonction publique - 148;Titre 2;22;522,57
Transformation et fonction publiques;Fonction publique - 148;Titre 2;23;4000
Transformation et fonction publiques;Fonction publique - 148;Titre 3;31;148710726,05
Transformation et fonction publiques;Fonction publique - 148;Titre 3;32;57142838
Transformation et fonction publiques;Fonction publique - 148;Titre 5;51;6838848,19
Transformation et fonction publiques;Fonction publique - 148;Titre 5;52;326195,45
Transformation et fonction publiques;Fonction publique - 148;Titre 6;61;17934463,35
Transformation et fonction publiques;Fonction publique - 148;Titre 6;63;2146239,05
Transformation et fonction publiques;Fonction publique - 148;Titre 6;64;31860932,81
Transformation et fonction publiques;Innovation et transformation numériques - 352;Titre 3;31;22036215,72
Transformation et fonction publiques;Innovation et transformation numériques - 352;Titre 3;32;6213400
Transformation et fonction publiques;Innovation et transformation numériques - 352;Titre 5;52;332380,68
Transformation et fonction publiques;Innovation et transformation numériques - 352;Titre 5;53;1865000
Transformation et fonction publiques;Innovation et transformation numériques - 352;Titre 6;62;247000
Transformation et fonction publiques;Innovation et transformation numériques - 352;Titre 6;64;1398604,5
Transformation et fonction publiques;Performance et résilience des bâtiments de l'État et de ses opérateurs - 348;Titre 3;31;68083172,4
Transformation et fonction publiques;Performance et résilience des bâtiments de l'État et de ses opérateurs - 348;Titre 3;32;742500
Transformation et fonction publiques;Performance et résilience des bâtiments de l'État et de ses opérateurs - 348;Titre 5;51;250483421,71
Transformation et fonction publiques;Performance et résilience des bâtiments de l'État et de ses opérateurs - 348;Titre 5;52;288161,64
Transformation et fonction publiques;Performance et résilience des bâtiments de l'État et de ses opérateurs - 348;Titre 5;53;63060120,81
Transformation et fonction publiques;Performance et résilience des bâtiments de l'État et de ses opérateurs - 348;Titre 6;64;1350050
Transformation et fonction publiques;Performance et résilience des bâtiments de l'État et de ses opérateurs - 348;Titre 7;72;14894238,61
Transformation et fonction publiques;Transformation publique - 349;Titre 3;31;93214889,04
Transformation et fonction publiques;Transformation publique - 349;Titre 3;32;5804504
Transformation et fonction publiques;Transformation publique - 349;Titre 5;51;32399175,36
Transformation et fonction publiques;Transformation publique - 349;Titre 5;52;14953255,64
Transformation et fonction publiques;Transformation publique - 349;Titre 5;53;5964607,8
Transformation et fonction publiques;Transformation publique - 349;Titre 6;62;78000
Transformation et fonction publiques;Transformation publique - 349;Titre 6;63;1834569,6
Transformation et fonction publiques;Transformation publique - 349;Titre 6;64;16167397,93
Transformation et fonction publiques;Transformation publique - 349;Titre 7;72;221899,84
Travail et emploi;Accès et retour à l'emploi - 102;Titre 3;31;1298015,14
Travail et emploi;Accès et retour à l'emploi - 102;Titre 3;32;1445063363,58
Travail et emploi;Accès et retour à l'emploi - 102;Titre 5;53;24646072
Travail et emploi;Accès et retour à l'emploi - 102;Titre 6;61;2554818900,98
Travail et emploi;Accès et retour à l'emploi - 102;Titre 6;62;942991416,86
Travail et emploi;Accès et retour à l'emploi - 102;Titre 6;63;91299922,16
Travail et emploi;Accès et retour à l'emploi - 102;Titre 6;64;1980976712,46
Travail et emploi;Accès et retour à l'emploi - 102;Titre 7;72;8265633
Travail et emploi;Accompagnement des mutations économiques et développement de l'emploi - 103;Titre 3;31;18794837,73
Travail et emploi;Accompagnement des mutations économiques et développement de l'emploi - 103;Titre 3;32;1770282882,75
Travail et emploi;Accompagnement des mutations économiques et développement de l'emploi - 103;Titre 5;52;28615,98
Travail et emploi;Accompagnement des mutations économiques et développement de l'emploi - 103;Titre 5;53;2962227,78
Travail et emploi;Accompagnement des mutations économiques et développement de l'emploi - 103;Titre 6;61;1150876600,34
Travail et emploi;Accompagnement des mutations économiques et développement de l'emploi - 103;Titre 6;62;8987616207,58
Travail et emploi;Accompagnement des mutations économiques et développement de l'emploi - 103;Titre 6;63;907405498,25
Travail et emploi;Accompagnement des mutations économiques et développement de l'emploi - 103;Titre 6;64;728758698,69
Travail et emploi;Accompagnement des mutations économiques et développement de l'emploi - 103;Titre 7;72;2795000
Travail et emploi;Amélioration de la qualité de l'emploi et des relations du travail - 111;Titre 3;31;24338012,12
Travail et emploi;Amélioration de la qualité de l'emploi et des relations du travail - 111;Titre 3;32;22815466,58
Travail et emploi;Amélioration de la qualité de l'emploi et des relations du travail - 111;Titre 6;61;391725,36
Travail et emploi;Amélioration de la qualité de l'emploi et des relations du travail - 111;Titre 6;62;896708,43
Travail et emploi;Amélioration de la qualité de l'emploi et des relations du travail - 111;Titre 6;63;10500
Travail et emploi;Amélioration de la qualité de l'emploi et des relations du travail - 111;Titre 6;64;50062978,99
Travail et emploi;Conception, gestion et évaluation des politiques de l'emploi et du travail - 155;Titre 2;21;377709941,78
Travail et emploi;Conception, gestion et évaluation des politiques de l'emploi et du travail - 155;Titre 2;22;222620155,78
Travail et emploi;Conception, gestion et évaluation des politiques de l'emploi et du travail - 155;Titre 2;23;6844901,21
Travail et emploi;Conception, gestion et évaluation des politiques de l'emploi et du travail - 155;Titre 3;31;90574745,84
Travail et emploi;Conception, gestion et évaluation des politiques de l'emploi et du travail - 155;Titre 3;32;15360412,82
Travail et emploi;Conception, gestion et évaluation des politiques de l'emploi et du travail - 155;Titre 6;62;145666,01
Travail et emploi;Conception, gestion et évaluation des politiques de l'emploi et du travail - 155;Titre 6;64;1441351,63
