Mission;Programme;Titre;LFI;LFR;Report_N-1;Mvts_reglementaires;FDC_et_ADP;Fongibilite_asymetrique;Total_AE_Ouvertes;AE_Consommees;Modif_Ouvertures;Modif_Annulations;Report_N+1
Action extérieure de l'État;Action de la France en Europe et dans le monde - 105;Titre 2 - Dépenses de personnel;789227766;-14436636;0;-1690863;0;0;773100267;768754525,17;0;4345741,83;0
Action extérieure de l'État;Action de la France en Europe et dans le monde - 105;Autres titres - Autres dépenses;1476353629;-152902705;48179756,51;29924996;27481802,02;0;1429037478,53;1351158293,07;0;11195520,2;66683665,26
Action extérieure de l'État;Diplomatie culturelle et d'influence - 185;Titre 2 - Dépenses de personnel;84794416;-778933;0;1650000;0;0;85665483;84682883,75;0;982599,25;0
Action extérieure de l'État;Diplomatie culturelle et d'influence - 185;Autres titres - Autres dépenses;721177779;-48488511;418948;5801789;4601923,39;0;683511928,39;682219106,66;0;1069195,73;223626
Action extérieure de l'État;Français à l'étranger et affaires consulaires - 151;Titre 2 - Dépenses de personnel;271654955;-11293036;0;1683456;1559759,82;0;263605134,82;261083758,79;0;2521376,03;0
Action extérieure de l'État;Français à l'étranger et affaires consulaires - 151;Autres titres - Autres dépenses;165626747;-4873794;770105;596914;125808,86;0;162245780,86;154163662,72;0;7306397,14;775721
Administration générale et territoriale de l'État;Administration territoriale de l'État - 354;Titre 2 - Dépenses de personnel;2033587883;-11863410;0;6635796;0;-1907098;2026453171;2024766513,93;0;1686657,07;0
Administration générale et territoriale de l'État;Administration territoriale de l'État - 354;Autres titres - Autres dépenses;599655251;-38240260;47976181,16;-10929323;40134118,62;1907098;640503065,78;520839166,97;0;105373206,13;14290692,68
Administration générale et territoriale de l'État;Conduite et pilotage des politiques de l'intérieur - 216;Titre 2 - Dépenses de personnel;861202618;-25275292;0;581309;1112899,73;-2854589;834766945,73;833965407,35;0;646732,38;154806
Administration générale et territoriale de l'État;Conduite et pilotage des politiques de l'intérieur - 216;Autres titres - Autres dépenses;1843430891;-105788075;167954123,53;-17609618;19200899;2854589;1910042809,53;1559514391,91;0;64754378,87;285774038,75
Administration générale et territoriale de l'État;Vie politique - 232;Titre 2 - Dépenses de personnel;23844604;-843491;0;7100000;0;-4493613;25607500;24823197,66;0;784302,34;0
Administration générale et territoriale de l'État;Vie politique - 232;Autres titres - Autres dépenses;233880648;105492436;8516028;43846494;0;4493613;396229219;333208059,99;0;32959712,01;30061447
Agriculture, alimentation, forêt et affaires rurales;Allègements du coût du travail en agriculture (TODE-AG) - 381;Autres titres - Autres dépenses;423000000;15427824;0;0;0;0;438427824;438427824;0;0;0
Agriculture, alimentation, forêt et affaires rurales;Compétitivité et durabilité de l'agriculture, de l'agroalimentaire et de la forêt - 149;Autres titres - Autres dépenses;3176627486;-118081117;83150772;2685714;1323837;0;3145706692;3055290947,19;0;89655386,44;760358,37
Agriculture, alimentation, forêt et affaires rurales;Conduite et pilotage des politiques de l'agriculture - 215;Titre 2 - Dépenses de personnel;592437770;-55033706;0;3423697;18368,64;-1033953,96;539812175,68;537603175,45;0;2209000,23;0
Agriculture, alimentation, forêt et affaires rurales;Conduite et pilotage des politiques de l'agriculture - 215;Autres titres - Autres dépenses;109734319;-4065466;43656570,33;1057717;13467571,8;1033953,96;164884666,09;77350357,57;0;966757,6;86567550,92
Agriculture, alimentation, forêt et affaires rurales;Sécurité et qualité sanitaires de l'alimentation - 206;Titre 2 - Dépenses de personnel;390422289;-30008400;0;70000;0;0;360483889;358214381,42;0;2269507,58;0
Agriculture, alimentation, forêt et affaires rurales;Sécurité et qualité sanitaires de l'alimentation - 206;Autres titres - Autres dépenses;645694407;-59822934;176874039,69;-7356201;35225529,11;0;790614840,8;704790093,44;0;37672874,16;48151873,2
Aide publique au développement;Aide économique et financière au développement - 110;Autres titres - Autres dépenses;2787128248;-502050952;143569232;9537400;0;0;2438183928;1862333012,07;0;575850915,93;0
Aide publique au développement;Renforcement des fonds propres de l'Agence française de développement - 365;Autres titres - Autres dépenses;150000000;0;0;0;0;0;150000000;150000000;0;0;0
Aide publique au développement;Restitution des "biens mal acquis" - 370;Autres titres - Autres dépenses;6100806;0;0;0;0;0;6100806;0;0;0;6100806
Aide publique au développement;Solidarité à l'égard des pays en développement - 209;Titre 2 - Dépenses de personnel;169447597;-2915795;0;350000;0;0;166881802;163395195,12;0;3486606,88;0
Aide publique au développement;Solidarité à l'égard des pays en développement - 209;Autres titres - Autres dépenses;3179937547;-557000000;7419024;728920;4758427,4;0;2635843918,4;2582118120,92;0;46700214,48;7025583
Anciens combattants, mémoire et liens avec la Nation;Indemnisation des victimes des persécutions antisémites et des actes de barbarie pendant la seconde guerre mondiale - 158;Titre 2 - Dépenses de personnel;1467031;-9135;0;0;0;0;1457896;1436733,7;0;21162,3;0
Anciens combattants, mémoire et liens avec la Nation;Indemnisation des victimes des persécutions antisémites et des actes de barbarie pendant la seconde guerre mondiale - 158;Autres titres - Autres dépenses;86673804;-9551402;1970682;0;0;0;79093084;75376198,68;0;3716885,32;0
Anciens combattants, mémoire et liens avec la Nation;Reconnaissance et réparation en faveur du monde combattant, mémoire et liens avec la Nation - 169;Autres titres - Autres dépenses;1830156624;34776891;6725242;18060002;25796319,74;0;1915515078,74;1895894301,74;0;543586;19077191
Cohésion des territoires;Aide à l'accès au logement - 109;Autres titres - Autres dépenses;13656400000;-524191058;0;0;0;0;13132208942;13102208733;0;30000209;0
Cohésion des territoires;Hébergement, parcours vers le logement et insertion des personnes vulnérables - 177;Autres titres - Autres dépenses;2900915926;250000000;28439071;2725298;150000;0;3182230295;3103544920,26;0;13263679,74;65421695
Cohésion des territoires;Impulsion et coordination de la politique d'aménagement du territoire - 112;Titre 2 - Dépenses de personnel;8000000;-2333674;0;-603980;0;-655853,71;4406492,29;4192740,06;0;213752,23;0
Cohésion des territoires;Impulsion et coordination de la politique d'aménagement du territoire - 112;Autres titres - Autres dépenses;389931467;-43814412;4014975;15677310;49058224,86;655853,71;415523418,57;392562679,72;0;14802846,85;8157892
Cohésion des territoires;Interventions territoriales de l'État - 162;Autres titres - Autres dépenses;80646350;-5766216;22198445,34;14622222;38988650;0;150689451,34;103504947,61;0;2740390,75;44444112,98
Cohésion des territoires;Politique de la ville - 147;Titre 2 - Dépenses de personnel;18871649;-1397930;0;-14771540;0;-1168726,27;1533452,73;1387402;0;146050,73;0
Cohésion des territoires;Politique de la ville - 147;Autres titres - Autres dépenses;620657504;-99064685;32060;13755000;520000;1168726,27;537068605,27;522495133,86;0;9573471,41;5000000
Cohésion des territoires;Urbanisme, territoires et amélioration de l'habitat - 135;Autres titres - Autres dépenses;1917861469;-661000515;75866281;282272;436719508,88;0;1769729015,88;1466036649,04;0;50969222,84;252723144
Conseil et contrôle de l'État;Conseil d'État et autres juridictions administratives - 165;Titre 2 - Dépenses de personnel;436743672;-8278983;0;-601266;22867;0;427886290;424297546,56;0;3588743,44;0
Conseil et contrôle de l'État;Conseil d'État et autres juridictions administratives - 165;Autres titres - Autres dépenses;82389535;-14495082;64779018,54;-801439;54427,58;0;131926460,12;95338762,99;0;2922416,21;33665280,92
Conseil et contrôle de l'État;Conseil économique, social et environnemental - 126;Titre 2 - Dépenses de personnel;35829665;19312;0;0;0;0;35848977;35669828;0;179149;0
Conseil et contrôle de l'État;Conseil économique, social et environnemental - 126;Autres titres - Autres dépenses;9077507;1195641;275325;0;0;0;10548473;10548473;0;0;0
Conseil et contrôle de l'État;Cour des comptes et autres juridictions financières - 164;Titre 2 - Dépenses de personnel;227855284;-1115080;0;-2000000;40748,73;0;224780952,73;222714540,44;0;2066412,29;0
Conseil et contrôle de l'État;Cour des comptes et autres juridictions financières - 164;Autres titres - Autres dépenses;26624661;-5589927;5735715,44;-58910;4705054,95;0;31416594,39;28190483,68;0;1202038,71;2024072
Crédits non répartis;Dépenses accidentelles et imprévisibles - 552;Autres titres - Autres dépenses;525000000;-50000000;0;-290326344;0;0;184673656;0;0;184673656;0
Crédits non répartis;Provision relative aux rémunérations publiques - 551;Titre 2 - Dépenses de personnel;285526298;0;0;-75975617;0;0;209550681;0;0;209550681;0
Culture;Création - 131;Autres titres - Autres dépenses;1032880129;-98051590;1182973,56;28113660;113363,36;0;964238535,92;948174882,35;0;15193294,48;870359,09
Culture;Patrimoines - 175;Autres titres - Autres dépenses;1479417348;-99540106;135676982,75;53980834;112340782,57;0;1681875841,32;1527938706,78;0;32339679,59;121597454,95
Culture;Soutien aux politiques du ministère de la culture - 224;Titre 2 - Dépenses de personnel;733781426;-1663905;0;-207875;9605,75;0;731919251,75;730395354,39;0;1523897,36;0
Culture;Soutien aux politiques du ministère de la culture - 224;Autres titres - Autres dépenses;112400388;-4689783;1243264;-5266635;930473,6;0;104617707,6;103814094,74;0;793611,86;10001
Culture;Transmission des savoirs et démocratisation de la culture - 361;Autres titres - Autres dépenses;829582796;-27414873;19468688;13347852;536641,04;0;835521104,04;806993868,44;0;24642235,6;3885000
Défense;Environnement et prospective de la politique de défense - 144;Autres titres - Autres dépenses;2198423067;-33000000;1242403225,38;82135578;1146012,13;0;3491107882,51;2883338475,86;0;251694574,16;356074832,49
Défense;Équipement des forces - 146;Autres titres - Autres dépenses;24392909032;-531950812;29000986171,06;-12069956;645340147,7;0;53495214582,76;16609233627,76;0;71746350,67;36814234604,33
Défense;Préparation et emploi des forces - 178;Autres titres - Autres dépenses;16569476955;677000000;1865982247,48;-12031052;517527680,87;0;19617955831,35;16212510175,84;0;3218,3;3405442437,21
Défense;Soutien de la politique de la défense - 212;Titre 2 - Dépenses de personnel;23205361658;-305752151;0;179106;275517991,14;-1719144;23173587460,14;23171355954,64;0;2231505,5;0
Défense;Soutien de la politique de la défense - 212;Autres titres - Autres dépenses;1474950629;-40683800;53587237,87;-5773333;10920478,08;1719144;1494720355,95;1334510231,06;0;152529901,5;7680223,39
Direction de l'action du Gouvernement;Coordination du travail gouvernemental - 129;Titre 2 - Dépenses de personnel;293331006;-9803857;1126175;4013359;1564906,22;0;290231589,22;284096803,54;0;4744228,68;1390557
Direction de l'action du Gouvernement;Coordination du travail gouvernemental - 129;Autres titres - Autres dépenses;588362803;-48300535;80706295,93;-42508885;55814299,63;0;634073978,56;558251316,17;0;7428665,39;68393997
Direction de l'action du Gouvernement;Protection des droits et libertés - 308;Titre 2 - Dépenses de personnel;63729867;-1269530;0;0;0;0;62460337;61468825,55;0;991511,45;0
Direction de l'action du Gouvernement;Protection des droits et libertés - 308;Autres titres - Autres dépenses;75721834;-6131153;197852;2706381;0;0;72494914;71687841,91;0;189090,09;617982
Écologie, développement et mobilité durables;Affaires maritimes, pêche et aquaculture - 205;Autres titres - Autres dépenses;349883004;-19769622;7001954;-426004;7574302,54;0;344263634,54;338766057,14;0;1409133,4;4088444
Écologie, développement et mobilité durables;Conduite et pilotage des politiques de l'écologie, du développement et de la mobilité durables - 217;Titre 2 - Dépenses de personnel;2831100179;1289383;15003;-1764188;9343994,07;0;2839984371,07;2829145217,27;0;10839153,8;0
Écologie, développement et mobilité durables;Conduite et pilotage des politiques de l'écologie, du développement et de la mobilité durables - 217;Autres titres - Autres dépenses;272417371;-12966314;2079085,37;-7150140;7045672,7;0;261425675,07;199181821,69;0;10443934,9;51799918,48
Écologie, développement et mobilité durables;Énergie, climat et après-mines - 174;Autres titres - Autres dépenses;5817177062;-950000000;340578;-12476885;0;0;4855040755;4353324837,32;0;101413339,68;400302578
Écologie, développement et mobilité durables;Expertise, information géographique et météorologie - 159;Autres titres - Autres dépenses;515548889;-11227596;294962;188855;19813,41;0;504824923,41;504713871,01;0;111052,4;0
Écologie, développement et mobilité durables;Fonds d'accélération de la transition écologique dans les territoires - 380;Autres titres - Autres dépenses;2499000000;-900000000;0;-1685600;0;0;1597314400;1590610760,75;0;6703639,25;0
Écologie, développement et mobilité durables;Infrastructures et services de transports - 203;Autres titres - Autres dépenses;4344085635;-292243467;2426878799,03;-68246;4671927445,3;0;11150580166,33;8650285598,5;0;29277618,45;2471016949,38
Écologie, développement et mobilité durables;Paysages, eau et biodiversité - 113;Autres titres - Autres dépenses;577954847;-123728262;8317173,97;713400;6283473,86;0;469540632,83;454123528,5;0;9303196,68;6113907,65
Écologie, développement et mobilité durables;Prévention des risques - 181;Titre 2 - Dépenses de personnel;57036316;0;0;0;0;-8829807;48206509;47633826,72;0;572682,28;0
Écologie, développement et mobilité durables;Prévention des risques - 181;Autres titres - Autres dépenses;1299909174;-60000000;11654461,96;-61566;3503419,26;8829807;1263835296,22;1225495380,37;0;23942197,75;14397718,1
Écologie, développement et mobilité durables;Service public de l'énergie - 345;Autres titres - Autres dépenses;5539000000;-666877435;830000000;0;0;0;5702122565;5702122565;0;0;0
Économie;Développement des entreprises et régulations - 134;Titre 2 - Dépenses de personnel;413728612;-8596515;0;736223;0;0;405868320;403437597,85;0;2430722,15;0
Économie;Développement des entreprises et régulations - 134;Autres titres - Autres dépenses;2533218953;20750541;1008274881;-17618569;61968;0;3544687774;3532555890,92;0;4072338,08;8059545
Économie;Financement des opérations patrimoniales envisagées en 2024 sur le compte d'affectation spéciale "Participations financières de l'État" - 367;Autres titres - Autres dépenses;0;-161000000;2000000000;0;0;0;1839000000;0;0;0;1839000000
Économie;Plan France Très haut débit - 343;Autres titres - Autres dépenses;96935000;-37811505;20200000;0;0;0;79323495;74965668;0;0;4357827
Économie;Statistiques et études économiques - 220;Titre 2 - Dépenses de personnel;395926581;-5490268;782329;0;673489,51;0;391892131,51;386701905,92;0;3734407,59;1455818
Économie;Statistiques et études économiques - 220;Autres titres - Autres dépenses;89833728;-6727481;2160181,75;-1618129;8910115,69;0;92558415,44;79523315,87;0;5102593,17;7932506,4
Économie;Stratégies économiques - 305;Titre 2 - Dépenses de personnel;150273373;-8248851;0;0;0;0;142024522;141051987,52;0;972534,48;0
Économie;Stratégies économiques - 305;Autres titres - Autres dépenses;553460000;-8213578;3269175;0;1481382;0;549996979;545016090,91;0;2404980,09;2575908
Engagements financiers de l'État;Appels en garantie de l'État (crédits évaluatifs) - 114;Autres titres - Autres dépenses;1902436463;40140938;0;0;0;0;1942577401;1921545085,85;0;21032315,15;0
Engagements financiers de l'État;Charge de la dette de SNCF Réseau reprise par l'État (crédits évaluatifs) - 355;Autres titres - Autres dépenses;807000000;9000000;0;0;0;0;816000000;817130417,58;1130417,58;0;0
Engagements financiers de l'État;Charge de la dette et trésorerie de l'État (crédits évaluatifs) - 117;Autres titres - Autres dépenses;51375000000;-1337000000;0;0;0;0;50038000000;49267565888,52;0;770434111,48;0
Engagements financiers de l'État;Épargne - 145;Autres titres - Autres dépenses;71066322;0;586872;35245000;0;0;106898194;106419781,21;0;478412,79;0
Engagements financiers de l'État;Fonds de soutien relatif aux prêts et contrats financiers structurés à risque - 344;Autres titres - Autres dépenses;0;0;461250;0;13000000;0;13461250;-8335;0;11538335;1931250
Enseignement scolaire;Enseignement privé du premier et du second degrés - 139;Titre 2 - Dépenses de personnel;8133539453;-54634861;0;-34413471;0;-517,14;8044490603,86;8043844596,24;0;646007,62;0
Enseignement scolaire;Enseignement privé du premier et du second degrés - 139;Autres titres - Autres dépenses;901765616;-5837995;3635161;-2477977;0;517,14;897085322,14;895946183,92;0;1003767,22;135371
Enseignement scolaire;Enseignement scolaire public du premier degré - 140;Titre 2 - Dépenses de personnel;26774187832;-178019800;760493;1240480;85500;-6782194,21;26591472310,79;26590427343,68;0;376358,11;668609
Enseignement scolaire;Enseignement scolaire public du premier degré - 140;Autres titres - Autres dépenses;99570417;-33372757;31851700;-10762476;8544922,25;6782194,21;102614000,46;98717463,47;0;1927761,99;1968775
Enseignement scolaire;Enseignement scolaire public du second degré - 141;Titre 2 - Dépenses de personnel;37957464193;-200074096;2549039;32578123;2209462,36;-1177517,96;37793549203,4;37788687428,99;0;745392,41;4116382
Enseignement scolaire;Enseignement scolaire public du second degré - 141;Autres titres - Autres dépenses;467147576;-46704058;31423004;3685127;9343293,36;1177517,96;466072460,32;459255599,03;0;1557013,29;5259848
Enseignement scolaire;Enseignement technique agricole - 143;Titre 2 - Dépenses de personnel;1114764225;-29970452;0;37401500;0;-25529301,08;1096665971,92;1091364894,05;0;5301077,87;0
Enseignement scolaire;Enseignement technique agricole - 143;Autres titres - Autres dépenses;582620669;-17347582;43088,86;773731;0;25529301,08;591619207,94;591465082,18;0;154125,76;0
Enseignement scolaire;Soutien de la politique de l'éducation nationale - 214;Titre 2 - Dépenses de personnel;2030419956;33536949;678775;13078429;488884,27;-3597780,03;2074605213,24;2073420720,07;0;324528,17;859965
Enseignement scolaire;Soutien de la politique de l'éducation nationale - 214;Autres titres - Autres dépenses;915129029;-60601210;308930888,23;154536508;15624906,62;3597780,03;1337217901,88;997678483,43;0;9390557,35;330148861,1
Enseignement scolaire;Vie de l'élève - 230;Titre 2 - Dépenses de personnel;4734342900;119864281;40000;19562171;0;-145120;4873664232;4873261932,71;0;362486,29;39813
Enseignement scolaire;Vie de l'élève - 230;Autres titres - Autres dépenses;3394679022;-323478580;14221265;9403181;1905374,26;145120;3096875382,26;3060091307,64;0;19202405,62;17581669
Gestion des finances publiques;Conduite et pilotage des politiques économiques et financières - 218;Titre 2 - Dépenses de personnel;529654750;-13133888;936138;2218087;1120769,53;0;520795856,53;520103472,99;0;583737,54;108646
Gestion des finances publiques;Conduite et pilotage des politiques économiques et financières - 218;Autres titres - Autres dépenses;461712289;-152529316;130616114,74;-1063424;6831754,96;0;445567418,7;423109294,71;0;8902609,11;13555514,88
Gestion des finances publiques;Facilitation et sécurisation des échanges - 302;Titre 2 - Dépenses de personnel;1329379114;-8695775;0;7709328;0;-2433360;1325959307;1322488508,63;0;3470798,37;0
Gestion des finances publiques;Facilitation et sécurisation des échanges - 302;Autres titres - Autres dépenses;410008761;-29073268;23578966,16;-3071924;7254614,15;2433360;411130509,31;389379611,1;0;4627920,71;17122977,5
Gestion des finances publiques;Gestion fiscale et financière de l'État et du secteur public local - 156;Titre 2 - Dépenses de personnel;6903431646;-54802379;10697446;-4923623;0;-95700000;6758703090;6743634867,71;0;4370776,29;10697446
Gestion des finances publiques;Gestion fiscale et financière de l'État et du secteur public local - 156;Autres titres - Autres dépenses;1177190660;-120702415;168113179,58;-13161190;22471239,79;95700000;1329611474,37;1256492868,81;0;19057500,5;54061105,06
Immigration, asile et intégration;Immigration et asile - 303;Autres titres - Autres dépenses;1333426696;-82813401;419332196,7;2348460;59874640,18;0;1732168591,88;1519662356,45;0;17440857,92;195065377,51
Immigration, asile et intégration;Intégration et accès à la nationalité française - 104;Autres titres - Autres dépenses;431411365;-86317511;12194895;2152364;-8836054,82;0;350605058,18;349636437,58;0;615342,6;353278
Investir pour la France de 2030;Accélération de la modernisation des entreprises - 423;Autres titres - Autres dépenses;0;-90000000;0;0;0;0;-90000000;-90000000;0;0;0
Investir pour la France de 2030;Financement des investissements stratégiques - 424;Autres titres - Autres dépenses;0;0;2515989215;-107885000;0;0;2408104215;347136503,19;0;366818,81;2060600893
Investir pour la France de 2030;Financement structurel des écosystèmes d'innovation - 425;Autres titres - Autres dépenses;0;0;395000000;0;0;0;395000000;395000000;0;0;0
Justice;Accès au droit et à la justice - 101;Autres titres - Autres dépenses;736234297;-7305043;274534;-1887339;24358,56;0;727340807,56;726827698,03;0;507639,53;5470
Justice;Administration pénitentiaire - 107;Titre 2 - Dépenses de personnel;3225380273;-22102082;0;2990331;0;-341563;3205926959;3182342801,45;0;23584157,55;0
Justice;Administration pénitentiaire - 107;Autres titres - Autres dépenses;3588601359;-456925822;351961977,32;-591988;2675081,67;341563;3486062170,99;2650507340,89;0;579610130,79;255944699,31
Justice;Conduite et pilotage de la politique de la justice - 310;Titre 2 - Dépenses de personnel;245737534;-8193438;0;-777508;0;-140000;236626588;234750309,64;0;1876278,36;0
Justice;Conduite et pilotage de la politique de la justice - 310;Autres titres - Autres dépenses;522543711;-100217561;88756971,76;-16839472;4391155,83;140000;498774805,59;432166928,77;0;12264277,94;54343598,88
Justice;Conseil supérieur de la magistrature - 335;Titre 2 - Dépenses de personnel;3275506;-98032;0;5000;0;0;3182474;3177122,15;0;5351,85;0
Justice;Conseil supérieur de la magistrature - 335;Autres titres - Autres dépenses;1362523;-199068;40667;0;0;0;1204122;1188810,4;0;15311,6;0
Justice;Justice judiciaire - 166;Titre 2 - Dépenses de personnel;2986657137;-30661183;0;-3033000;0;-1870853,8;2951092100,2;2940695944,28;0;10396155,92;0
Justice;Justice judiciaire - 166;Autres titres - Autres dépenses;1767289482;-326475478;418234214,13;-20674928;7142926,93;1870853,8;1847387070,86;1617954650,84;0;29190430,39;200241989,63
Justice;Protection judiciaire de la jeunesse - 182;Titre 2 - Dépenses de personnel;670006160;-3655690;0;-568937;0;0;665781533;664759902,82;0;1021630,18;0
Justice;Protection judiciaire de la jeunesse - 182;Autres titres - Autres dépenses;490754992;-69148338;47376716,76;107493;769998,65;0;469860862,41;421380666,22;0;7371978,82;41108217,37
Médias, livre et industries culturelles;Livre et industries culturelles - 334;Autres titres - Autres dépenses;364169976;-16384733;2666;-7233399;0;0;340554510;340420657,96;0;133852,04;0
Médias, livre et industries culturelles;Presse et médias - 180;Autres titres - Autres dépenses;377705399;-16623953;12141185;-5204107;0;0;368018524;367220898,76;0;797625,24;0
Outre-Mer;Conditions de vie Outre-Mer - 123;Autres titres - Autres dépenses;1281623843;-164326110;70604349,05;6884309;12634798,57;0;1207421189,62;1119216863,57;0;57363852,82;30840473,23
Outre-Mer;Emploi Outre-Mer - 138;Titre 2 - Dépenses de personnel;210822902;-5151075;0;0;0;-2660454;203011373;200532000,66;0;2479372,34;0
Outre-Mer;Emploi Outre-Mer - 138;Autres titres - Autres dépenses;1688629972;55616172;31633621,65;-2316142;56735138,86;2660454;1832959216,51;1796912049,92;0;9102839,53;26944327,06
Plan de relance;Cohésion - 364;Autres titres - Autres dépenses;0;0;214928298;0;0;0;214928298;-995077874,59;0;1210006172,59;0
Plan de relance;Compétitivité - 363;Autres titres - Autres dépenses;0;0;227775452,82;0;0;0;227775452,82;-187154199,96;0;291167635,38;123762017,4
Plan de relance;Écologie - 362;Autres titres - Autres dépenses;0;0;41500563,45;0;0;0;41500563,45;-91161865,18;0;111493006,11;21169422,52
Pouvoirs publics;Assemblée nationale - 511;Autres titres - Autres dépenses;607647569;19534273;0;0;0;0;627181842;627181842;0;0;0
Pouvoirs publics;Conseil constitutionnel - 531;Autres titres - Autres dépenses;17930000;0;0;0;0;0;17930000;17930000;0;0;0
Pouvoirs publics;Cour de justice de la République - 533;Autres titres - Autres dépenses;984000;0;0;0;0;0;984000;984000;0;0;0
Pouvoirs publics;La Chaîne parlementaire - 541;Autres titres - Autres dépenses;35245822;0;0;0;0;0;35245822;35245822;0;0;0
Pouvoirs publics;Présidence de la République - 501;Autres titres - Autres dépenses;122563852;0;0;0;0;0;122563852;122563852;0;0;0
Pouvoirs publics;Sénat - 521;Autres titres - Autres dépenses;353470900;0;0;0;0;0;353470900;353470900;0;0;0
Recherche et enseignement supérieur;Enseignement supérieur et recherche agricoles - 142;Titre 2 - Dépenses de personnel;266389570;-9265039;0;-3900000;0;0;253224531;252074993,69;0;1149537,31;0
Recherche et enseignement supérieur;Enseignement supérieur et recherche agricoles - 142;Autres titres - Autres dépenses;178710648;-13106616;88560000;5500854;0;0;259664886;171104881,31;0;88560004,69;0
Recherche et enseignement supérieur;Formations supérieures et recherche universitaire - 150;Titre 2 - Dépenses de personnel;431823270;-225448;0;-3433486;0;0;428164336;424797963,23;0;3366372,77;0
Recherche et enseignement supérieur;Formations supérieures et recherche universitaire - 150;Autres titres - Autres dépenses;14845229450;-131344744;376085034,06;-21209104;14232969,31;0;15082993605,37;15018779087,04;0;10012143,57;54202374,76
Recherche et enseignement supérieur;Recherche dans les domaines de l'énergie, du développement et de la mobilité durables - 190;Autres titres - Autres dépenses;1888583219;-62979295;0;67867242;0;0;1893471166;1886062177,54;0;3608988,46;3800000
Recherche et enseignement supérieur;Recherche duale (civile et militaire) - 191;Autres titres - Autres dépenses;150019167;0;0;0;0;0;150019167;150019167;0;0;0
Recherche et enseignement supérieur;Recherche et enseignement supérieur en matière économique et industrielle - 192;Autres titres - Autres dépenses;678136541;-37248276;1960855;1815476;0;0;644664596;642097473,09;0;1813130,91;753992
Recherche et enseignement supérieur;Recherche spatiale - 193;Autres titres - Autres dépenses;1900179541;-292900000;0;0;0;0;1607279541;1607279541;0;0;0
Recherche et enseignement supérieur;Recherches scientifiques et technologiques pluridisciplinaires - 172;Autres titres - Autres dépenses;8642699505;-501018733;20790310;21791019;439204,16;0;8184701305,16;8068054899,98;0;116385898,18;260507
Recherche et enseignement supérieur;Vie étudiante - 231;Autres titres - Autres dépenses;3357406410;-71007942;9963996,11;-19202056;138121,39;0;3277298529,5;3275814764,87;0;775694,17;708070,46
Régimes sociaux et de retraite;Régimes de retraite des mines, de la SEITA et divers - 195;Autres titres - Autres dépenses;1075655467;0;0;7342540;0;0;1082998007;1082998006,28;0;0,72;0
Régimes sociaux et de retraite;Régimes de retraite et de sécurité sociale des marins - 197;Autres titres - Autres dépenses;787337160;-12851037;0;0;0;0;774486123;774486123;0;0;0
Régimes sociaux et de retraite;Régimes sociaux et de retraite des transports terrestres - 198;Autres titres - Autres dépenses;4365695818;-150145805;0;-7342540;0;0;4208207473;4206133513,56;0;2073959,44;0
Relations avec les collectivités territoriales;Concours financiers aux collectivités territoriales et à leurs groupements - 119;Autres titres - Autres dépenses;3798201744;-34999779;2107288;54246;0;0;3765363499;3563327164,97;0;190650052,03;11386282
Relations avec les collectivités territoriales;Concours spécifiques et administration - 122;Autres titres - Autres dépenses;297541400;-23122975;227429291,95;3136550;11724364,15;0;516708631,1;365765969,66;0;65150445,6;85792215,84
Remboursements et dégrèvements;Remboursements et dégrèvements d'impôts d'État (crédits évaluatifs) - 200;Autres titres - Autres dépenses;136189146022;6926584017;0;0;0;0;143115730039;141573590889,27;0;1542139149,73;0
Remboursements et dégrèvements;Remboursements et dégrèvements d'impôts locaux (crédits évaluatifs) - 201;Autres titres - Autres dépenses;4291000000;766824992;0;0;0;0;5057824992;4955159268,84;0;102665723,16;0
Santé;Compensation à la Sécurité sociale du coût des dons de vaccins à des pays tiers et reversement des recettes de la Facilité pour la relance et la résilience (FRR) européenne au titre du volet «Ségur investissement» du plan national de relance et de résili;Autres titres - Autres dépenses;1248900000;0;0;0;0;0;1248900000;1248900000;0;0;0
Santé;Prévention, sécurité sanitaire et offre de soins - 204;Titre 2 - Dépenses de personnel;1300000;-123500;0;0;0;0;1176500;1176500;0;0;0
Santé;Prévention, sécurité sanitaire et offre de soins - 204;Autres titres - Autres dépenses;265981268;-6076106;51988508;-1113789;130479441,41;0;441259322,41;425692247,19;0;11057739,22;4509336
Santé;Protection maladie - 183;Autres titres - Autres dépenses;1216300000;-50000000;440000;0;0;0;1166740000;1166740000;0;0;0
Sécurités;Gendarmerie nationale - 152;Titre 2 - Dépenses de personnel;8906783640;48808511;0;-20189830;154950631,75;-4000000;9086352952,75;9082977530,06;0;3375422,69;0
Sécurités;Gendarmerie nationale - 152;Autres titres - Autres dépenses;2124760991;131498689;349891034,23;-8233377;109493260,03;4000000;2711410597,26;2035383693,59;0;377800354,01;298226549,66
Sécurités;Police nationale - 176;Titre 2 - Dépenses de personnel;11205346827;355986507;0;1794237;8111740,58;-34536803;11536702508,58;11528797142,6;0;828991,98;7076374
Sécurités;Police nationale - 176;Autres titres - Autres dépenses;2156687080;-455827994;168457136,37;35561518;79805852,71;34536803;2019220396,08;1747941911,74;0;134611967,94;136666516,4
Sécurités;Sécurité civile - 161;Titre 2 - Dépenses de personnel;231060710;-7800412;0;-207191;1097053,68;-6616635;217533525,68;216062291,94;0;374180,74;1097053
Sécurités;Sécurité civile - 161;Autres titres - Autres dépenses;670612418;-87094100;388952379,39;6792413;23914985,4;6616635;1009794730,79;764389565,92;0;99278826,82;146126338,05
Sécurités;Sécurité et éducation routières - 207;Autres titres - Autres dépenses;110387203;-35780000;1617730,13;38597;550900,36;0;76814430,49;73037690,91;0;1251373,71;2525365,87
Solidarité, insertion et égalité des chances;Conduite et soutien des politiques sanitaires et sociales - 124;Titre 2 - Dépenses de personnel;450623197;-8758776;2068846;-7467257;3802034,13;0;440268044,13;433864940,64;0;953994,49;5449109
Solidarité, insertion et égalité des chances;Conduite et soutien des politiques sanitaires et sociales - 124;Autres titres - Autres dépenses;807299940;-28578884;23883957;-10306122;11348018,49;0;803646909,49;794995372,84;0;3080392,65;5571144
Solidarité, insertion et égalité des chances;Égalité entre les femmes et les hommes - 137;Autres titres - Autres dépenses;77408682;21550323;152708;-15000;1972044;0;101068757;100841120,38;0;227636,62;0
Solidarité, insertion et égalité des chances;Handicap et dépendance - 157;Autres titres - Autres dépenses;15381767027;-71198123;2528485;0;5000000;0;15318097389;15317082674,15;0;390476,85;624238
Solidarité, insertion et égalité des chances;Inclusion sociale et protection des personnes - 304;Titre 2 - Dépenses de personnel;3400000;-1696779;0;0;0;0;1703221;1686220,94;0;17000,06;0
Solidarité, insertion et égalité des chances;Inclusion sociale et protection des personnes - 304;Autres titres - Autres dépenses;14280497514;10434477;55826578;-28364814;360000;0;14318753755;14311102997,89;0;657036,11;6993721
Sport, jeunesse et vie associative;Jeunesse et vie associative - 163;Titre 2 - Dépenses de personnel;40952981;-15634987;0;0;0;-7817994;17500000;16601447,09;0;898552,91;0
Sport, jeunesse et vie associative;Jeunesse et vie associative - 163;Autres titres - Autres dépenses;860117860;-142240698;4891119;-2228000;31300207,91;7817994;759658482,91;753039402,3;0;1666976,61;4952104
Sport, jeunesse et vie associative;Jeux olympiques et paralympiques 2024 - 350;Autres titres - Autres dépenses;42910000;0;2571320;87840;0;0;45569160;45481320;0;87840;0
Sport, jeunesse et vie associative;Sport - 219;Titre 2 - Dépenses de personnel;129488048;3052486;0;0;0;0;132540534;130915399,44;0;1625134,56;0
Sport, jeunesse et vie associative;Sport - 219;Autres titres - Autres dépenses;645613954;-50514872;8599805;-6873840;13080;0;596838127;537214272,93;0;59610727,07;13127
Transformation et fonction publiques;Conduite et pilotage de la transformation et de la fonction publiques - 368;Titre 2 - Dépenses de personnel;48365748;-469816;0;306397;0;0;48202329;46924714,74;0;1277614,26;0
Transformation et fonction publiques;Fonction publique - 148;Titre 2 - Dépenses de personnel;290000;-110000;0;0;0;0;180000;126097,73;0;53902,27;0
Transformation et fonction publiques;Fonction publique - 148;Autres titres - Autres dépenses;275485829;-19933092;6657369,86;-2989888;10547945,47;0;269768164,33;244381158,46;0;11847039,5;13539966,37
Transformation et fonction publiques;Innovation et transformation numériques - 352;Titre 2 - Dépenses de personnel;3000000;-15000;0;-2985000;0;0;0;0;0;0;0
Transformation et fonction publiques;Innovation et transformation numériques - 352;Autres titres - Autres dépenses;71100000;-37711533;1067533;-500000;6460000;0;40416000;35047974,62;0;493748,38;4874277
Transformation et fonction publiques;Performance et résilience des bâtiments de l'État et de ses opérateurs - 348;Autres titres - Autres dépenses;709843385;-59428597;90614735,08;66939631;0;0;807969154,08;349499130,79;0;1017424,99;457452598,3
Transformation et fonction publiques;Transformation publique - 349;Titre 2 - Dépenses de personnel;1500000;-1040000;0;-430000;0;0;30000;0;0;30000;0
Transformation et fonction publiques;Transformation publique - 349;Autres titres - Autres dépenses;143963360;-75784164;91377569;58952;0;0;159615717;103952656,16;0;55002027,84;661033
Travail et emploi;Accès et retour à l'emploi - 102;Autres titres - Autres dépenses;7536866323;-437700318;28518395;25000000;15000000;0;7167684400;7062038782,94;0;105645617,06;0
Travail et emploi;Accompagnement des mutations économiques et développement de l'emploi - 103;Autres titres - Autres dépenses;14544906927;-1198449864;312908781;-24544823;550010665;0;14184831686;12809862771,01;0;152281918,99;1222686996
Travail et emploi;Amélioration de la qualité de l'emploi et des relations du travail - 111;Autres titres - Autres dépenses;184617840;-12444604;3114946,08;-51600;0;0;175236582,08;172557616,51;0;1648735,8;1030229,77
Travail et emploi;Conception, gestion et évaluation des politiques de l'emploi et du travail - 155;Titre 2 - Dépenses de personnel;597633990;-908896;87835;8422669;3778616,22;0;609014214,22;607174998,77;0;1425668,45;413547
Travail et emploi;Conception, gestion et évaluation des politiques de l'emploi et du travail - 155;Autres titres - Autres dépenses;102679251;-6911927;5790499;584429;12459085,73;0;114601337,73;107187479,75;0;1735619,31;5678238,67
