Mission;Programme;Titre;LFI;LFR;Report_N-1;Mvts_reglementaires;FDC_et_ADP;Fongibilite_asymetrique;Total_CP_Ouverts;Depenses_constatees;Modif_Ouvertures;Modif_Annulations;Report_N+1
Action extérieure de l'État;Action de la France en Europe et dans le monde - 105;Titre 2 - Dépenses de personnel;789227766;-14436636;0;-1690863;0;0;773100267;768754525,17;0;4345741,83;0
Action extérieure de l'État;Action de la France en Europe et dans le monde - 105;Autres titres - Autres dépenses;1474547842;-152902705;32746806;22588996;27481802,02;0;1404462741,02;1336284314,54;0;22401086,48;45777340
Action extérieure de l'État;Diplomatie culturelle et d'influence - 185;Titre 2 - Dépenses de personnel;84794416;-778933;0;1650000;0;0;85665483;84682883,75;0;982599,25;0
Action extérieure de l'État;Diplomatie culturelle et d'influence - 185;Autres titres - Autres dépenses;721177779;-48488512;2054600;5801789;4601923,39;0;685147579,39;684898303,02;0;25650,37;223626
Action extérieure de l'État;Français à l'étranger et affaires consulaires - 151;Titre 2 - Dépenses de personnel;271654955;-11293036;0;1683456;1559759,82;0;263605134,82;261083758,79;0;2521376,03;0
Action extérieure de l'État;Français à l'étranger et affaires consulaires - 151;Autres titres - Autres dépenses;165226747;-4851794;1738511;596914;125808,86;0;162836186,86;152844964,2;0;9214819,66;776403
Administration générale et territoriale de l'État;Administration territoriale de l'État - 354;Titre 2 - Dépenses de personnel;2033587883;-11863410;0;6635796;0;-1907098;2026453171;2024766513,93;0;1686657,07;0
Administration générale et territoriale de l'État;Administration territoriale de l'État - 354;Autres titres - Autres dépenses;549581743;-33240289;21994005;-7727798;40134118,62;1907098;572648877,62;569210524,86;0;137368,76;3300984
Administration générale et territoriale de l'État;Conduite et pilotage des politiques de l'intérieur - 216;Titre 2 - Dépenses de personnel;861202618;-25275292;0;581309;1112899,73;-2854589;834766945,73;833965407,35;0;646732,38;154806
Administration générale et territoriale de l'État;Conduite et pilotage des politiques de l'intérieur - 216;Autres titres - Autres dépenses;955125605;-172785943;89059294;-4619326;19200899;2854589;888835118;878937316,15;0;2991814,85;6905987
Administration générale et territoriale de l'État;Vie politique - 232;Titre 2 - Dépenses de personnel;23844604;-843491;0;7100000;0;-4493613;25607500;24823197,66;0;784302,34;0
Administration générale et territoriale de l'État;Vie politique - 232;Autres titres - Autres dépenses;233777145;104292473;11313439;43846494;0;4493613;397723164;330302684,01;0;37571366,99;29849113
Agriculture, alimentation, forêt et affaires rurales;Allègements du coût du travail en agriculture (TODE-AG) - 381;Autres titres - Autres dépenses;423000000;15427824;0;0;0;0;438427824;438427824;0;0;0
Agriculture, alimentation, forêt et affaires rurales;Compétitivité et durabilité de l'agriculture, de l'agroalimentaire et de la forêt - 149;Autres titres - Autres dépenses;2735854589;18130969;125668069;16034208;1323837;0;2897011672;2573376458,28;0;141375213,72;182260000
Agriculture, alimentation, forêt et affaires rurales;Conduite et pilotage des politiques de l'agriculture - 215;Titre 2 - Dépenses de personnel;592437770;-55033706;0;3423697;18368,64;-1033953,96;539812175,68;537603175,45;0;2209000,23;0
Agriculture, alimentation, forêt et affaires rurales;Conduite et pilotage des politiques de l'agriculture - 215;Autres titres - Autres dépenses;89933434;-21061439;1941876;2220717;13467571,8;1033953,96;87536113,76;79064239,68;0;461184,08;8010690
Agriculture, alimentation, forêt et affaires rurales;Sécurité et qualité sanitaires de l'alimentation - 206;Titre 2 - Dépenses de personnel;390422289;-30008400;0;70000;0;0;360483889;358214381,42;0;2269507,58;0
Agriculture, alimentation, forêt et affaires rurales;Sécurité et qualité sanitaires de l'alimentation - 206;Autres titres - Autres dépenses;515281422;-104541694;194399634;-1204695;35225529,11;0;639160196,11;511632513,48;0;58401095,63;69126587
Aide publique au développement;Aide économique et financière au développement - 110;Autres titres - Autres dépenses;2337910235;-407257768;10642003;39537400;0;0;1980831870;1875414028,45;0;105417841,55;0
Aide publique au développement;Renforcement des fonds propres de l'Agence française de développement - 365;Autres titres - Autres dépenses;150000000;0;0;0;0;0;150000000;150000000;0;0;0
Aide publique au développement;Restitution des "biens mal acquis" - 370;Autres titres - Autres dépenses;6100806;0;0;0;0;0;6100806;0;0;0;6100806
Aide publique au développement;Solidarité à l'égard des pays en développement - 209;Titre 2 - Dépenses de personnel;169447597;-2915795;0;350000;0;0;166881802;163395195,12;0;3486606,88;0
Aide publique au développement;Solidarité à l'égard des pays en développement - 209;Autres titres - Autres dépenses;3265463377;-607000000;8750043;-29342110;4758427,4;0;2642629737,4;2633517710,69;0;2080406,71;7031620
Anciens combattants, mémoire et liens avec la Nation;Indemnisation des victimes des persécutions antisémites et des actes de barbarie pendant la seconde guerre mondiale - 158;Titre 2 - Dépenses de personnel;1467031;-9135;0;0;0;0;1457896;1436733,7;0;21162,3;0
Anciens combattants, mémoire et liens avec la Nation;Indemnisation des victimes des persécutions antisémites et des actes de barbarie pendant la seconde guerre mondiale - 158;Autres titres - Autres dépenses;86673804;-9581160;2141458;0;0;0;79234102;75510639,29;0;3723462,71;0
Anciens combattants, mémoire et liens avec la Nation;Reconnaissance et réparation en faveur du monde combattant, mémoire et liens avec la Nation - 169;Autres titres - Autres dépenses;1839316624;31693091;8273720;462997;25796319,74;0;1905542751,74;1882210033,11;0;6889,63;23325829
Cohésion des territoires;Aide à l'accès au logement - 109;Autres titres - Autres dépenses;13656400000;-524191058;0;0;0;0;13132208942;13102208733;0;30000209;0
Cohésion des territoires;Hébergement, parcours vers le logement et insertion des personnes vulnérables - 177;Autres titres - Autres dépenses;2925669370;250000000;51201942;2725298;150000;0;3229746610;3131301573,86;0;13689830,14;84755206
Cohésion des territoires;Impulsion et coordination de la politique d'aménagement du territoire - 112;Titre 2 - Dépenses de personnel;8000000;-2333674;0;-603980;0;-655853,71;4406492,29;4192740,06;0;213752,23;0
Cohésion des territoires;Impulsion et coordination de la politique d'aménagement du territoire - 112;Autres titres - Autres dépenses;340520529;-41814412;2943802;34187562;49058224,86;655853,71;385551559,57;375437761,14;0;1205802,43;8907996
Cohésion des territoires;Interventions territoriales de l'État - 162;Autres titres - Autres dépenses;33151556;-12694865;89530556;20377222;107238650;0;237603119;141894257,52;0;96459,48;95612402
Cohésion des territoires;Politique de la ville - 147;Titre 2 - Dépenses de personnel;18871649;-1397930;0;-14771540;0;-1168726,27;1533452,73;1387402;0;146050,73;0
Cohésion des territoires;Politique de la ville - 147;Autres titres - Autres dépenses;620657504;-99064685;206060;13755000;520000;1168726,27;537242605,27;522711912,81;0;9530692,46;5000000
Cohésion des territoires;Urbanisme, territoires et amélioration de l'habitat - 135;Autres titres - Autres dépenses;1583661469;-740236893;753103095;122625398;287302201,52;0;2006455270,52;1217976346,57;0;1107979,95;787370944
Conseil et contrôle de l'État;Conseil d'État et autres juridictions administratives - 165;Titre 2 - Dépenses de personnel;436743672;-8278983;0;-601266;22867;0;427886290;424297546,56;0;3588743,44;0
Conseil et contrôle de l'État;Conseil d'État et autres juridictions administratives - 165;Autres titres - Autres dépenses;146659042;-12939195;5918112;-2401439;54427,58;0;137290947,58;136657201,3;0;0,28;633746
Conseil et contrôle de l'État;Conseil économique, social et environnemental - 126;Titre 2 - Dépenses de personnel;35829665;19312;0;0;0;0;35848977;35669828;0;179149;0
Conseil et contrôle de l'État;Conseil économique, social et environnemental - 126;Autres titres - Autres dépenses;9077507;1195641;275325;0;0;0;10548473;10548473;0;0;0
Conseil et contrôle de l'État;Cour des comptes et autres juridictions financières - 164;Titre 2 - Dépenses de personnel;227855284;-1115080;0;-2000000;40748,73;0;224780952,73;222714540,44;0;2066412,29;0
Conseil et contrôle de l'État;Cour des comptes et autres juridictions financières - 164;Autres titres - Autres dépenses;27391939;-2229917;1045328;-58910;4705054,95;0;30853494,95;30853285,35;0;209,6;0
Crédits non répartis;Dépenses accidentelles et imprévisibles - 552;Autres titres - Autres dépenses;225000000;-50000000;0;-119900000;0;0;55100000;0;0;55100000;0
Crédits non répartis;Provision relative aux rémunérations publiques - 551;Titre 2 - Dépenses de personnel;285526298;0;0;-75975617;0;0;209550681;0;0;209550681;0
Culture;Création - 131;Autres titres - Autres dépenses;1042653016;-97915612;1499479;28309117;113363,36;0;974659363,36;973937627,03;0;608373,33;113363
Culture;Patrimoines - 175;Autres titres - Autres dépenses;1193810999;-99540106;115047933;16314250;112496821,53;0;1338129897,53;1250576676,49;0;6169842,04;81383379
Culture;Soutien aux politiques du ministère de la culture - 224;Titre 2 - Dépenses de personnel;733781426;-1663905;0;-207875;9605,75;0;731919251,75;730395354,39;0;1523897,36;0
Culture;Soutien aux politiques du ministère de la culture - 224;Autres titres - Autres dépenses;110473939;-5581783;1416198;-4374635;930473,6;0;102864192,6;102829529,56;0;24662,04;10001
Culture;Transmission des savoirs et démocratisation de la culture - 361;Autres titres - Autres dépenses;824400514;-30797443;203538;13033846;1436641,04;0;808277096,04;806994985,91;0;297110,13;985000
Défense;Environnement et prospective de la politique de défense - 144;Autres titres - Autres dépenses;1967619198;-33000000;178850;71010959;1146012,13;0;2006955019,13;2006955015,73;0;3,4;0
Défense;Équipement des forces - 146;Autres titres - Autres dépenses;16591352498;-531950812;412831393;-33349956;622731598,5;0;17061614721,5;16713224479,05;0;0,45;348390242
Défense;Préparation et emploi des forces - 178;Autres titres - Autres dépenses;13562508731;677000000;1171122681;-51661024;517527680,87;0;15876498068,87;15048832910,08;0;0,79;827665158
Défense;Soutien de la politique de la défense - 212;Titre 2 - Dépenses de personnel;23205361658;-305752151;0;179106;275517991,14;-1719144;23173587460,14;23171355954,64;0;2231505,5;0
Défense;Soutien de la politique de la défense - 212;Autres titres - Autres dépenses;1428888458;-37600000;63632956;81166263;10920478,08;1719144;1548727299,08;1487811733,08;0;1;60915565
Direction de l'action du Gouvernement;Coordination du travail gouvernemental - 129;Titre 2 - Dépenses de personnel;293331006;-9803857;1126175;4013359;1564906,22;0;290231589,22;284096803,54;0;4744228,68;1390557
Direction de l'action du Gouvernement;Coordination du travail gouvernemental - 129;Autres titres - Autres dépenses;624102842;-42689722;108916225;-43741885;55814299,63;0;702401759,63;601625368,34;0;2667010,29;98109381
Direction de l'action du Gouvernement;Protection des droits et libertés - 308;Titre 2 - Dépenses de personnel;63729867;-1269530;0;0;0;0;62460337;61468825,55;0;991511,45;0
Direction de l'action du Gouvernement;Protection des droits et libertés - 308;Autres titres - Autres dépenses;71672999;-3834744;769191;2706381;0;0;71313827;69507601,26;0;0,74;1806225
Écologie, développement et mobilité durables;Affaires maritimes, pêche et aquaculture - 205;Autres titres - Autres dépenses;312085103;-13111715;7079916;-249751;7574302,54;0;313377855,54;313191803,78;0;0,76;186051
Écologie, développement et mobilité durables;Conduite et pilotage des politiques de l'écologie, du développement et de la mobilité durables - 217;Titre 2 - Dépenses de personnel;2831100179;1289383;15003;-1764188;9343994,07;0;2839984371,07;2829145217,27;0;10839153,8;0
Écologie, développement et mobilité durables;Conduite et pilotage des politiques de l'écologie, du développement et de la mobilité durables - 217;Autres titres - Autres dépenses;264535162;-15532792;4228373;-1881140;7045672,7;0;258395275,7;252752343,65;0;0,05;5642932
Écologie, développement et mobilité durables;Énergie, climat et après-mines - 174;Autres titres - Autres dépenses;5435154925;-1482000000;47839968;-12476885;0;0;3988518008;3797447109,97;0;29168303,03;161902595
Écologie, développement et mobilité durables;Expertise, information géographique et météorologie - 159;Autres titres - Autres dépenses;515548889;-11227596;1007962;188855;19813,41;0;505537923,41;503626611,65;0;1911311,76;0
Écologie, développement et mobilité durables;Fonds d'accélération de la transition écologique dans les territoires - 380;Autres titres - Autres dépenses;1124000000;-495000000;0;9139452;0;0;638139452;569946529,46;0;68192922,54;0
Écologie, développement et mobilité durables;Infrastructures et services de transports - 203;Autres titres - Autres dépenses;4381048913;-90989043;377925828;-68246;4562849263,56;0;9230766715,56;8598907595,68;0;1000000,88;630859119
Écologie, développement et mobilité durables;Paysages, eau et biodiversité - 113;Autres titres - Autres dépenses;511972615;-131926488;10345473;-9861652;8223473,86;0;388753421,86;379159409,21;0;485737,65;9108275
Écologie, développement et mobilité durables;Prévention des risques - 181;Titre 2 - Dépenses de personnel;57036316;0;0;0;0;-8829807;48206509;47633826,72;0;572682,28;0
Écologie, développement et mobilité durables;Prévention des risques - 181;Autres titres - Autres dépenses;1301547385;-70000000;35873206;-276518;3562619,26;8829807;1279536499,26;1238283711,99;0;25841899,27;15410888
Écologie, développement et mobilité durables;Service public de l'énergie - 345;Autres titres - Autres dépenses;4884000000;0;830375710;0;0;0;5714375710;5701907423,41;0;12468286,59;0
Économie;Développement des entreprises et régulations - 134;Titre 2 - Dépenses de personnel;413728612;-8596515;0;736223;0;0;405868320;403437597,85;0;2430722,15;0
Économie;Développement des entreprises et régulations - 134;Autres titres - Autres dépenses;2243001049;36212729;1078148562;-16517782;61968;0;3340906526;3288288949,84;0;31857058,16;20760518
Économie;Financement des opérations patrimoniales envisagées en 2024 sur le compte d'affectation spéciale "Participations financières de l'État" - 367;Autres titres - Autres dépenses;0;-161000000;2000000000;0;0;0;1839000000;0;0;0;1839000000
Économie;Plan France Très haut débit - 343;Autres titres - Autres dépenses;464470090;-201432544;20199999;-4162912;0;0;279074633;260873290,81;0;13843515,19;4357827
Économie;Statistiques et études économiques - 220;Titre 2 - Dépenses de personnel;395926581;-5490268;782329;0;673489,51;0;391892131,51;386701905,92;0;3734407,59;1455818
Économie;Statistiques et études économiques - 220;Autres titres - Autres dépenses;77545342;-10391399;3016619;-1618129;8910115,69;0;77462548,69;72627534,18;0;569471,51;4265543
Économie;Stratégies économiques - 305;Titre 2 - Dépenses de personnel;150273373;-8248851;0;0;0;0;142024522;141051987,52;0;972534,48;0
Économie;Stratégies économiques - 305;Autres titres - Autres dépenses;548303000;-5000000;7737352;4162912;1481382;0;556684646;550933064,49;0;148868,51;5602713
Engagements financiers de l'État;Amortissement de la dette de l'État liée à la covid-19 - 369;Autres titres - Autres dépenses;6474951599;0;0;0;0;0;6474951599;6474951599;0;0;0
Engagements financiers de l'État;Appels en garantie de l'État (crédits évaluatifs) - 114;Autres titres - Autres dépenses;1902436463;40140938;0;0;0;0;1942577401;1921545085,85;0;21032315,15;0
Engagements financiers de l'État;Charge de la dette de SNCF Réseau reprise par l'État (crédits évaluatifs) - 355;Autres titres - Autres dépenses;807000000;9000000;0;0;0;0;816000000;817130417,58;1130417,58;0;0
Engagements financiers de l'État;Charge de la dette et trésorerie de l'État (crédits évaluatifs) - 117;Autres titres - Autres dépenses;51375000000;-1337000000;0;0;0;0;50038000000;49267565888,52;0;770434111,48;0
Engagements financiers de l'État;Épargne - 145;Autres titres - Autres dépenses;71066322;0;584610;35245000;0;0;106895932;106003721,41;0;892210,59;0
Engagements financiers de l'État;Fonds de soutien relatif aux prêts et contrats financiers structurés à risque - 344;Autres titres - Autres dépenses;187669310;-21758491;0;0;13000000;0;178910819;177410818,89;0;0,11;1500000
Enseignement scolaire;Enseignement privé du premier et du second degrés - 139;Titre 2 - Dépenses de personnel;8133539453;-54634861;0;-34413471;0;-517,14;8044490603,86;8043871112,24;0;619491,62;0
Enseignement scolaire;Enseignement privé du premier et du second degrés - 139;Autres titres - Autres dépenses;901765616;-13879607;23272716;-14007662;0;517,14;897151580,14;895487554,49;0;1528654,65;135371
Enseignement scolaire;Enseignement scolaire public du premier degré - 140;Titre 2 - Dépenses de personnel;26774187832;-178019800;760493;1240480;85500;-6782194,21;26591472310,79;26590427343,68;0;376358,11;668609
Enseignement scolaire;Enseignement scolaire public du premier degré - 140;Autres titres - Autres dépenses;99570417;-45172757;52595142;-10762476;8544922,25;6782194,21;111557442,46;95117591,62;0;13807071,84;2632779
Enseignement scolaire;Enseignement scolaire public du second degré - 141;Titre 2 - Dépenses de personnel;37957464193;-200074096;2549039;32578123;2209462,36;-1177517,96;37793549203,4;37788687428,99;0;745392,41;4116382
Enseignement scolaire;Enseignement scolaire public du second degré - 141;Autres titres - Autres dépenses;467147576;-50204058;35701678;5211378;9343293,36;1177517,96;468377385,32;458600693,93;0;3444022,39;6332669
Enseignement scolaire;Enseignement technique agricole - 143;Titre 2 - Dépenses de personnel;1114764225;-29970452;0;37401500;0;-25529301,08;1096665971,92;1091364894,05;0;5301077,87;0
Enseignement scolaire;Enseignement technique agricole - 143;Autres titres - Autres dépenses;580904201;-17396851;3776000;773731;0;25529301,08;593586382,08;590253936,61;0;3332445,47;0
Enseignement scolaire;Soutien de la politique de l'éducation nationale - 214;Titre 2 - Dépenses de personnel;2030419956;33536949;678775;13078429;488884,27;-3597780,03;2074605213,24;2073420720,07;0;324528,17;859965
Enseignement scolaire;Soutien de la politique de l'éducation nationale - 214;Autres titres - Autres dépenses;843364837;-60601210;26568705;29221709;15624906,62;3597780,03;857776727,65;836372177,54;0;7463481,11;13941069
Enseignement scolaire;Vie de l'élève - 230;Titre 2 - Dépenses de personnel;4734342900;119864281;40000;19562171;0;-145120;4873664232;4873261932,71;0;362486,29;39813
Enseignement scolaire;Vie de l'élève - 230;Autres titres - Autres dépenses;3364679022;-323478580;14256806;7876930;1905374,26;145120;3065384672,26;3060611947,58;0;1804124,68;2968600
Gestion des finances publiques;Conduite et pilotage des politiques économiques et financières - 218;Titre 2 - Dépenses de personnel;529654750;-13133888;936138;2218087;1120769,53;0;520795856,53;520103472,99;0;583737,54;108646
Gestion des finances publiques;Conduite et pilotage des politiques économiques et financières - 218;Autres titres - Autres dépenses;525106417;-111469379;38735624;-1338472;6831754,96;0;457865944,96;443053908,27;0;0,69;14812036
Gestion des finances publiques;Facilitation et sécurisation des échanges - 302;Titre 2 - Dépenses de personnel;1329379114;-8695775;0;7709328;0;-2433360;1325959307;1322488508,63;0;3470798,37;0
Gestion des finances publiques;Facilitation et sécurisation des échanges - 302;Autres titres - Autres dépenses;377575462;-19389240;19094837;-3635822;7254614,15;2433360;383333211,15;350305694,34;0;15363689,81;17663827
Gestion des finances publiques;Gestion fiscale et financière de l'État et du secteur public local - 156;Titre 2 - Dépenses de personnel;6903431646;-54802379;10697446;-4923623;0;-95700000;6758703090;6743634867,71;0;4370776,29;10697446
Gestion des finances publiques;Gestion fiscale et financière de l'État et du secteur public local - 156;Autres titres - Autres dépenses;1234692294;-122577697;61728321;-9281677;22471239,79;95700000;1282732480,79;1215561781,55;0;34652405,24;32518294
Immigration, asile et intégration;Immigration et asile - 303;Autres titres - Autres dépenses;1725143750;-50090197;171982327;2348460;59874640,18;0;1909258980,18;1835599035,85;0;6459579,33;67200365
Immigration, asile et intégration;Intégration et accès à la nationalité française - 104;Autres titres - Autres dépenses;431358922;-77289495;12998324;2152364;-8836054,82;0;360384060,18;355125698,99;0;4753968,19;504393
Investir pour la France de 2030;Accélération de la modernisation des entreprises - 423;Autres titres - Autres dépenses;14260000;-90784300;0;0;0;0;-76524300;-76524300;0;0;0
Investir pour la France de 2030;Financement des investissements stratégiques - 424;Autres titres - Autres dépenses;5691750000;-922204551;8189975;-107885000;0;0;4669850424;4642993396,09;0;26857027,91;0
Investir pour la France de 2030;Financement structurel des écosystèmes d'innovation - 425;Autres titres - Autres dépenses;1652500000;-272714920;0;0;0;0;1379785080;1379785080;0;0;0
Investir pour la France de 2030;Soutien des progrès de l'enseignement et de la recherche - 421;Autres titres - Autres dépenses;255000000;-14025000;0;0;0;0;240975000;240975000;0;0;0
Investir pour la France de 2030;Valorisation de la recherche - 422;Autres titres - Autres dépenses;88200000;-4851000;0;0;0;0;83349000;83349000;0;0;0
Justice;Accès au droit et à la justice - 101;Autres titres - Autres dépenses;736234297;-7357635;486;-1887339;24358,56;0;727014167,56;726970553,58;0;38143,98;5470
Justice;Administration pénitentiaire - 107;Titre 2 - Dépenses de personnel;3225380273;-22102082;0;2990331;0;-341563;3205926959;3182342801,45;0;23584157,55;0
Justice;Administration pénitentiaire - 107;Autres titres - Autres dépenses;1777570541;-105312425;89372304;-591988;2675081,67;341563;1764055076,67;1762430827,71;0;182873,96;1441375
Justice;Conduite et pilotage de la politique de la justice - 310;Titre 2 - Dépenses de personnel;245737534;-8193438;0;-777508;0;-140000;236626588;234750309,64;0;1876278,36;0
Justice;Conduite et pilotage de la politique de la justice - 310;Autres titres - Autres dépenses;501347713;-39486439;560976;-11049727;4391155,83;140000;455903678,83;452732086,96;0;5978,87;3165613
Justice;Conseil supérieur de la magistrature - 335;Titre 2 - Dépenses de personnel;3275506;-98032;0;5000;0;0;3182474;3177122,15;0;5351,85;0
Justice;Conseil supérieur de la magistrature - 335;Autres titres - Autres dépenses;2445316;-199068;93397;0;0;0;2339645;2098152,69;0;241492,31;0
Justice;Justice judiciaire - 166;Titre 2 - Dépenses de personnel;2986657137;-30661183;0;-3033000;0;-1870853,8;2951092100,2;2940695828,08;0;10396272,12;0
Justice;Justice judiciaire - 166;Autres titres - Autres dépenses;1557351108;-124418087;1759240;-6535998;7142926,93;1870853,8;1437170043,73;1434179256,38;0;312611,35;2678176
Justice;Protection judiciaire de la jeunesse - 182;Titre 2 - Dépenses de personnel;670006160;-3655690;0;-568937;0;0;665781533;664759902,82;0;1021630,18;0
Justice;Protection judiciaire de la jeunesse - 182;Autres titres - Autres dépenses;455941180;-47425604;13551838;107493;769998,65;0;422944905,65;422635746,65;0;245409;63750
Médias, livre et industries culturelles;Livre et industries culturelles - 334;Autres titres - Autres dépenses;359282643;-4232450;388413;-7135652;0;0;348302954;347761184,41;0;541769,59;0
Médias, livre et industries culturelles;Presse et médias - 180;Autres titres - Autres dépenses;376665279;-16002841;11130278;-5183305;0;0;366609411;363778735,71;0;2830675,29;0
Outre-Mer;Conditions de vie Outre-Mer - 123;Autres titres - Autres dépenses;919773972;-67876808;82987508;10343309;12634798,57;0;957862779,57;937609797,79;0;413440,78;19839541
Outre-Mer;Emploi Outre-Mer - 138;Titre 2 - Dépenses de personnel;210822902;-5151075;0;0;0;-2660454;203011373;200532000,66;0;2479372,34;0
Outre-Mer;Emploi Outre-Mer - 138;Autres titres - Autres dépenses;1673867117;26231693;69768061;-2316142;56735138,86;2660454;1826946321,86;1778852334,23;0;18276,63;48075711
Plan de relance;Cohésion - 364;Autres titres - Autres dépenses;178900000;-150000000;868805911;-171256045;0;0;726449866;82627909,04;0;0,96;643821956
Plan de relance;Compétitivité - 363;Autres titres - Autres dépenses;65985600;0;1490098196;0;0;0;1556083796;386787407,21;0;0;1169296388,79
Plan de relance;Écologie - 362;Autres titres - Autres dépenses;1169075442;0;3335449776;-208126079;0;0;4296399139;1766238849,67;0;0,33;2530160289
Pouvoirs publics;Assemblée nationale - 511;Autres titres - Autres dépenses;607647569;19534273;0;0;0;0;627181842;627181842;0;0;0
Pouvoirs publics;Conseil constitutionnel - 531;Autres titres - Autres dépenses;17930000;0;0;0;0;0;17930000;17930000;0;0;0
Pouvoirs publics;Cour de justice de la République - 533;Autres titres - Autres dépenses;984000;0;0;0;0;0;984000;984000;0;0;0
Pouvoirs publics;La Chaîne parlementaire - 541;Autres titres - Autres dépenses;35245822;0;0;0;0;0;35245822;35245822;0;0;0
Pouvoirs publics;Présidence de la République - 501;Autres titres - Autres dépenses;122563852;0;0;0;0;0;122563852;122563852;0;0;0
Pouvoirs publics;Sénat - 521;Autres titres - Autres dépenses;353470900;0;0;0;0;0;353470900;353470900;0;0;0
Recherche et enseignement supérieur;Enseignement supérieur et recherche agricoles - 142;Titre 2 - Dépenses de personnel;266389570;-9265039;0;-3900000;0;0;253224531;252074993,69;0;1149537,31;0
Recherche et enseignement supérieur;Enseignement supérieur et recherche agricoles - 142;Autres titres - Autres dépenses;176618434;-13120659;0;5500854;0;0;168998629;168998623,36;0;5,64;0
Recherche et enseignement supérieur;Formations supérieures et recherche universitaire - 150;Titre 2 - Dépenses de personnel;431823270;-225448;0;-3433486;0;0;428164336;424797963,23;0;3366372,77;0
Recherche et enseignement supérieur;Formations supérieures et recherche universitaire - 150;Autres titres - Autres dépenses;14748960450;-131344743;82253233;-19507104;14914256,54;0;14695276092,54;14683427774,18;0;5410202,36;6438116
Recherche et enseignement supérieur;Recherche dans les domaines de l'énergie, du développement et de la mobilité durables - 190;Autres titres - Autres dépenses;1948483219;-62970000;16193522;150273720;0;0;2051980461;2039156602,01;0;9023858,99;3800000
Recherche et enseignement supérieur;Recherche duale (civile et militaire) - 191;Autres titres - Autres dépenses;150019167;0;0;0;0;0;150019167;150019167;0;0;0
Recherche et enseignement supérieur;Recherche et enseignement supérieur en matière économique et industrielle - 192;Autres titres - Autres dépenses;688636541;-39718002;53160074;9334726;0;0;711413339;669666276,98;0;979524,02;40767538
Recherche et enseignement supérieur;Recherche spatiale - 193;Autres titres - Autres dépenses;1900179541;-292900000;0;0;0;0;1607279541;1607279541;0;0;0
Recherche et enseignement supérieur;Recherches scientifiques et technologiques pluridisciplinaires - 172;Autres titres - Autres dépenses;8201401634;-501018733;21792432;22237019;439204,16;0;7744851556,16;7736700386,23;0;7889117,93;262052
Recherche et enseignement supérieur;Vie étudiante - 231;Autres titres - Autres dépenses;3326639077;-68808077;16980944;-19202056;138121,39;0;3255748009,39;3254246060,17;0;1501949,22;0
Régimes sociaux et de retraite;Régimes de retraite des mines, de la SEITA et divers - 195;Autres titres - Autres dépenses;1075655467;0;0;7342540;0;0;1082998007;1082998006,28;0;0,72;0
Régimes sociaux et de retraite;Régimes de retraite et de sécurité sociale des marins - 197;Autres titres - Autres dépenses;787337160;-12851037;0;0;0;0;774486123;774486123;0;0;0
Régimes sociaux et de retraite;Régimes sociaux et de retraite des transports terrestres - 198;Autres titres - Autres dépenses;4365695818;-150145805;0;-7342540;0;0;4208207473;4206133513,56;0;2073959,44;0
Relations avec les collectivités territoriales;Concours financiers aux collectivités territoriales et à leurs groupements - 119;Autres titres - Autres dépenses;3711788506;-6707208;15912893;54246;0;0;3721048437;3638023724,54;0;64817204,46;18207508
Relations avec les collectivités territoriales;Concours spécifiques et administration - 122;Autres titres - Autres dépenses;249601155;-83039423;235310364;3136550;11724364,15;0;416733010,15;256649087,13;0;36504872,02;123579051
Remboursements et dégrèvements;Remboursements et dégrèvements d'impôts d'État (crédits évaluatifs) - 200;Titre 2 - Dépenses de personnel;0;0;0;0;0;0;0;1690;1690;0;0
Remboursements et dégrèvements;Remboursements et dégrèvements d'impôts d'État (crédits évaluatifs) - 200;Autres titres - Autres dépenses;136189146022;6926584017;0;0;0;0;143115730039;141568328890,19;0;1547401148,81;0
Remboursements et dégrèvements;Remboursements et dégrèvements d'impôts locaux (crédits évaluatifs) - 201;Autres titres - Autres dépenses;4291000000;766824992;0;0;0;0;5057824992;4955165409,84;0;102659582,16;0
Santé;Compensation à la Sécurité sociale du coût des dons de vaccins à des pays tiers et reversement des recettes de la Facilité pour la relance et la résilience (FRR) européenne au titre du volet «Ségur investissement» du plan national de relance et de résili - 379;Autres titres - Autres dépenses;1248900000;0;0;0;0;0;1248900000;1248900000;0;0;0
Santé;Prévention, sécurité sanitaire et offre de soins - 204;Titre 2 - Dépenses de personnel;1300000;-123500;0;0;0;0;1176500;1176500;0;0;0
Santé;Prévention, sécurité sanitaire et offre de soins - 204;Autres titres - Autres dépenses;269281268;-5840177;94573907;-898507;130479441,41;0;487595932,41;385954596,01;0;16398408,4;85242928
Santé;Protection maladie - 183;Autres titres - Autres dépenses;1216300000;-50000000;440000;0;0;0;1166740000;1166740000;0;0;0
Sécurités;Gendarmerie nationale - 152;Titre 2 - Dépenses de personnel;8906783640;48808511;0;-20189830;154950631,75;-4000000;9086352952,75;9082977530,06;0;3375422,69;0
Sécurités;Gendarmerie nationale - 152;Autres titres - Autres dépenses;1486194305;294998809;40573847;-8363377;109493260,03;4000000;1926896844,03;1926889257,73;0;7586,3;0
Sécurités;Police nationale - 176;Titre 2 - Dépenses de personnel;11205346827;355986507;0;1794237;8111740,58;-34536803;11536702508,58;11528797142,6;0;828991,98;7076374
Sécurités;Police nationale - 176;Autres titres - Autres dépenses;1727378298;-46856512;71683441;34990874;103747698,71;34536803;1925480602,71;1914442984,51;0;152863,2;10884755
Sécurités;Sécurité civile - 161;Titre 2 - Dépenses de personnel;231060710;-7800412;0;-207191;1097053,68;-6616635;217533525,68;216062291,94;0;374180,74;1097053
Sécurités;Sécurité civile - 161;Autres titres - Autres dépenses;649434752;-12540623;79919260;8607062;23914985,4;6616635;755952071,4;746553991,66;0;3595,74;9394484
Sécurités;Sécurité et éducation routières - 207;Autres titres - Autres dépenses;108879721;-40280000;1002305;38597;550900,36;0;70191523,36;70078388,62;0;113134,74;0
Solidarité, insertion et égalité des chances;Conduite et soutien des politiques sanitaires et sociales - 124;Titre 2 - Dépenses de personnel;450623197;-8758776;2068846;-7467257;3802034,13;0;440268044,13;433864940,64;0;953994,49;5449109
Solidarité, insertion et égalité des chances;Conduite et soutien des politiques sanitaires et sociales - 124;Autres titres - Autres dépenses;904028737;-51800000;34240742;-8769229;11348018,49;0;889048268,49;857302506,96;0;13626577,53;18119184
Solidarité, insertion et égalité des chances;Égalité entre les femmes et les hommes - 137;Autres titres - Autres dépenses;77408682;21550323;904584;-15000;1972044;0;101820633;101061133,78;0;430192,22;329307
Solidarité, insertion et égalité des chances;Handicap et dépendance - 157;Autres titres - Autres dépenses;15381767027;-71198123;3022091;0;5000000;0;15318590995;15315374691,57;0;1488307,43;1727996
Solidarité, insertion et égalité des chances;Inclusion sociale et protection des personnes - 304;Titre 2 - Dépenses de personnel;3400000;-1696779;0;0;0;0;1703221;1686220,94;0;17000,06;0
Solidarité, insertion et égalité des chances;Inclusion sociale et protection des personnes - 304;Autres titres - Autres dépenses;14281658848;8230949;87203237;-27364814;360000;0;14350088220;14321578713,39;0;10163811,61;18345695
Sport, jeunesse et vie associative;Jeunesse et vie associative - 163;Titre 2 - Dépenses de personnel;40952981;-15634987;0;0;0;-7817994;17500000;16601447,09;0;898552,91;0
Sport, jeunesse et vie associative;Jeunesse et vie associative - 163;Autres titres - Autres dépenses;860117860;-142240698;19127124;-2228000;31300207,91;7817994;773894487,91;755916145,32;0;12880405,59;5097937
Sport, jeunesse et vie associative;Jeux olympiques et paralympiques 2024 - 350;Autres titres - Autres dépenses;133650000;0;2571320;87840;0;0;136309160;136095354,5;0;87839,5;125966
Sport, jeunesse et vie associative;Sport - 219;Titre 2 - Dépenses de personnel;129488048;3052486;0;0;0;0;132540534;130915399,44;0;1625134,56;0
Sport, jeunesse et vie associative;Sport - 219;Autres titres - Autres dépenses;645585291;-50514872;106143966;-6873840;13080;0;694353625;508110988,77;0;186229509,23;13127
Transformation et fonction publiques;Conduite et pilotage de la transformation et de la fonction publiques - 368;Titre 2 - Dépenses de personnel;48365748;-469816;0;306397;0;0;48202329;46924714,74;0;1277614,26;0
Transformation et fonction publiques;Fonction publique - 148;Titre 2 - Dépenses de personnel;290000;-110000;0;0;0;0;180000;126097,73;0;53902,27;0
Transformation et fonction publiques;Fonction publique - 148;Autres titres - Autres dépenses;282273995;-20202205;13893484;-2989888;10547945,47;0;283523331,47;264960242,9;0;7111822,57;11451266
Transformation et fonction publiques;Innovation et transformation numériques - 352;Titre 2 - Dépenses de personnel;3000000;-15000;0;-2985000;0;0;0;0;0;0;0
Transformation et fonction publiques;Innovation et transformation numériques - 352;Autres titres - Autres dépenses;71100000;-40732167;3089431;-500000;6460000;0;39417264;32092600,9;0;372820,1;6951843
Transformation et fonction publiques;Performance et résilience des bâtiments de l'État et de ses opérateurs - 348;Autres titres - Autres dépenses;527867705;-56552479;16581456;21884953;0;0;509781635;398901665,17;0;95879969,83;15000000
Transformation et fonction publiques;Transformation publique - 349;Titre 2 - Dépenses de personnel;1500000;-1040000;0;-430000;0;0;30000;0;0;30000;0
Transformation et fonction publiques;Transformation publique - 349;Autres titres - Autres dépenses;161324233;-17125056;30312892;58952;0;0;174571021;170638299,21;0;3271688,79;661033
Travail et emploi;Accès et retour à l'emploi - 102;Autres titres - Autres dépenses;7543175317;-505122828;51438332;21600000;15000000;0;7126090821;7049360036,18;0;76730784,82;0
Travail et emploi;Accompagnement des mutations économiques et développement de l'emploi - 103;Autres titres - Autres dépenses;14308732364;-513379844;798894707;105894378;281506670,24;0;14981648275,24;13569520569,1;0;363817061,14;1048310645
Travail et emploi;Amélioration de la qualité de l'emploi et des relations du travail - 111;Autres titres - Autres dépenses;110036293;-8241940;3313688;-51600;0;0;105056441;98515391,48;0;3521040,52;3020009
Travail et emploi;Conception, gestion et évaluation des politiques de l'emploi et du travail - 155;Titre 2 - Dépenses de personnel;597633990;-908896;87835;8422669;3778616,22;0;609014214,22;607174998,77;0;1425668,45;413547
Travail et emploi;Conception, gestion et évaluation des politiques de l'emploi et du travail - 155;Autres titres - Autres dépenses;101406586;-6820932;11177840;1694351;12459085,73;0;119916930,73;107522176,3;0;0,43;12394754
